Time (s),Volume (m^3),Ar,He,Ne,N2,C6H14(1),C2H2(2),C2H4(3),C2H6(4),C3H8(5),C3H6(6),CH4(7),CH3(8),CH2(9),C6H6(10),H2(11),H(12),[CH2]CCC(16),C[CH2](17),[CH2]CC(15),C[CH]CCCC(20),CC[CH]CCC(18)
0.0,0.13078664456,0.46346346346346345,0.0,0.0,0.0,0.07307307307307306,0.0,0.0,0.0,0.0,0.0,0.0,0.0,0.0,0.0,0.46346346346346345,0.0,0.0,0.0,0.0,0.0,0.0
1.1197688436814473e-20,0.13078664456000005,0.46346346346346345,0.0,0.0,0.0,0.07307307307307286,0.0,7.066437610181714e-27,3.511520003091242e-31,5.799689696660364e-32,1.7688104580287978e-28,4.392397143926331e-41,4.895943104945064e-27,2.3654994730972678e-33,0.0,0.46346346346346345,6.418124740673711e-19,1.353461269440002e-16,1.3534612694687943e-16,1.259453474243397e-16,3.6225903851271443e-19,2.7954897749579657e-19
3.135352762308053e-20,0.13078664456000008,0.46346346346346345,0.0,0.0,0.0,0.07307307307307251,0.0,4.2681283164253533e-26,2.1209580818853177e-30,3.5030125766481594e-31,1.0683615166088169e-27,5.214653889084143e-40,2.957149635272093e-26,1.4287616817180212e-32,0.0,0.46346346346346345,1.7970749295181968e-18,3.789691554377454e-16,3.7896915545513594e-16,3.5264697277175906e-16,1.014325307813375e-18,7.827371369885476e-19
7.166520599561263e-20,0.1307866445600002,0.46346346346346345,0.0,0.0,0.0,0.07307307307307179,0.0,2.0549200568542382e-25,1.0211500169262405e-29,1.6865497635867486e-30,5.1437008113390874e-27,5.119778110386412e-39,1.423740254745936e-25,6.87887246727593e-32,0.0,0.46346346346346345,4.107599848938079e-18,8.662152124034147e-16,8.662152124871426e-16,8.06050223401029e-16,2.318457846325793e-18,1.7891134559753187e-18
1.5228856274067684e-19,0.13078664456000036,0.46346346346346345,0.0,0.0,0.0,0.07307307307307036,0.0,8.97437576300253e-25,4.4596304042080386e-29,7.36560591267029e-30,2.2463892810676272e-26,4.5283857582966343e-38,6.2178477415019865e-25,3.00418433032624e-31,0.0,0.46346346346346345,8.728649721850763e-18,1.840707326247469e-15,1.840707326613131e-15,1.7128567243972945e-15,4.92672292299502e-18,3.8018660939539364e-18
3.1353527623080525e-19,0.13078664456000072,0.46346346346346345,0.0,0.0,0.0,0.0730730730730675,0.0,3.7466252191829196e-24,1.8618079058929137e-28,3.074995475289722e-29,9.37823304280817e-26,3.806381084384846e-37,2.5958290326414525e-24,1.2541878201796099e-30,0.0,0.46346346346346345,1.797074960396782e-17,3.789691553586439e-15,3.789691555113007e-15,3.526469725340727e-15,1.0143253074911025e-17,7.827371369931474e-18
6.360287032110621e-19,0.13078664456000147,0.46346346346346345,0.0,0.0,0.0,0.07307307307306177,0.0,1.5306186506464726e-23,7.606092789645728e-28,1.2562359854639962e-28,3.8313141997161256e-25,3.1207011829121186e-36,1.0604808589484978e-23,5.1237664748420504e-30,0.0,0.46346346346346345,3.6454949913368665e-17,7.687660006867831e-15,7.687660013104357e-15,7.153695723031197e-15,2.0576313373053258e-17,1.5878381921967753e-17
1.2810155571715758e-18,0.13078664456000297,0.46346346346346345,0.0,0.0,0.0,0.0730730730730503,0.0,6.187005304632972e-23,3.074504317435045e-27,5.077906701440716e-28,1.5486784549639213e-24,2.527224724445931e-35,4.286633182502285e-23,2.0711083294916346e-29,0.0,0.46346346346346345,7.34233527128373e-17,1.5483596907844408e-14,1.548359693305344e-14,1.4408147701626566e-14,4.144243394657858e-17,3.198040302636513e-17
2.570989265092603e-18,0.13078664456000597,0.46346346346346345,0.0,0.0,0.0,0.07307307307302738,0.0,2.4877676166114926e-22,1.2362446646027405e-26,2.041803945849868e-27,6.227167937932458e-24,2.034130316796329e-34,1.723636344827558e-22,8.327835489226691e-29,0.0,0.46346346346346345,1.4736016703444236e-16,3.107547068745276e-14,3.107547078881716e-14,2.891705159167499e-14,8.317467500259268e-17,6.418444523645912e-17
5.150936680934658e-18,0.130786644560012,0.46346346346346345,0.0,0.0,0.0,0.07307307307298154,0.0,9.97706078422218e-22,4.957894034799199e-26,8.188546999045544e-27,2.497372847070866e-23,1.632261466120267e-33,6.912552621388824e-22,3.3398344922941044e-28,0.0,0.46346346346346345,2.952338305683236e-16,6.22592181572902e-14,6.225921856380678e-14,5.793485910320262e-14,1.6663915675047477e-16,1.2859252966184422e-16
1.0310831512618768e-17,0.13078664456002395,0.46346346346346345,0.0,0.0,0.0,0.07307307307288986,0.0,3.996028289198651e-21,1.985743642364345e-25,3.279689888651146e-26,1.0002517512284532e-22,1.307795448831499e-32,2.768626587566031e-21,1.3376758369825441e-27,0.0,0.46346346346346345,5.909812971987705e-16,1.2462671273944818e-13,1.246267143676348e-13,1.1597047305198106e-13,3.3356811878965457e-16,2.5740869853340277e-16
2.0630621175986988e-17,0.13078664456004796,0.46346346346346345,0.0,0.0,0.0,0.0730730730727065,0.0,1.5994526852797305e-20,7.948149603945225e-25,1.3127306397724725e-25,4.0036136532727725e-22,1.0470315340152144e-31,1.1081721364897953e-20,5.354189364876811e-27,0.0,0.46346346346346345,1.182476788710399e-15,2.493617004736963e-13,2.493617069906859e-13,2.3204169665243077e-13,6.674260370416765e-16,5.150410363596734e-16
4.1270200502723427e-17,0.1307866445600959,0.46346346346346345,0.0,0.0,0.0,0.07307307307233978,0.0,6.399893921240672e-20,3.180295165780711e-24,5.252632249539817e-25,1.6019668897673523e-21,8.379434083845851e-31,4.4341318193616664e-20,2.1423731078798284e-26,0.0,0.46346346346346345,2.3654700047365794e-15,4.988316702219216e-13,4.988316962983684e-13,4.641841266649025e-13,1.335141850240371e-15,1.0303057123448286e-15
8.254935915619631e-17,0.13078664456019182,0.46346346346346345,0.0,0.0,0.0,0.07307307307160632,0.0,2.5603741417510736e-19,1.2723251785194717e-23,2.1013947543448967e-24,6.408910166217017e-21,6.704819866618467e-30,1.7739413109243025e-19,8.570887032782082e-26,0.0,0.46346346346346345,4.731465368800502e-15,9.977715868372894e-13,9.977716911600523e-13,9.284689179361465e-13,2.6705733834163737e-15,2.060835065645599e-15
1.6510767646314207e-16,0.1307866445603837,0.46346346346346345,0.0,0.0,0.0,0.07307307307013942,0.0,1.0242328795851252e-18,5.089715110948174e-23,8.406261716927958e-24,2.5637722840952573e-20,5.364364352032941e-29,7.096341550168384e-19,3.4286334961977297e-25,0.0,0.46346346346346345,9.46349182497354e-15,1.9956513285437018e-12,1.9956517458686877e-12,1.857038225463917e-12,5.341436076882918e-15,4.121893777569007e-15
3.3022431107703355e-16,0.13078664456076736,0.46346346346346345,0.0,0.0,0.0,0.07307307306720563,0.0,4.097097188429526e-18,2.0359690410702856e-22,3.3626403849715143e-23,1.0255503037024697e-19,4.291693859228377e-28,2.83865116466336e-18,1.3715089314529029e-24,0.0,0.46346346346346345,1.892768764949195e-14,3.9914104458593016e-12,3.991412115226946e-12,3.7141757404612385e-12,1.0683159972274853e-14,8.244011222703526e-15
6.604575803048166e-16,0.13078664456153477,0.46346346346346345,0.0,0.0,0.0,0.07307307306133805,0.0,1.6388713846909103e-17,8.144043075550589e-22,1.3450826168517646e-22,4.1022819568816723e-19,3.43343441376248e-27,1.1354827985477876e-17,5.4861451487062914e-24,0.0,0.46346346346346345,3.785665094715063e-14,7.982927216102135e-12,7.98293389370676e-12,7.428446370228224e-12,2.136660179689956e-14,1.648824619812518e-14
1.3209241187603826e-15,0.1307866445630696,0.46346346346346345,0.0,0.0,0.0,0.07307307304960288,0.0,6.555545555667552e-17,3.2576513447184565e-21,5.38037797552044e-22,1.6409272996850104e-18,2.7467766590631086e-26,4.5419712467933645e-17,2.1944786282306454e-23,0.0,0.46346346346346345,7.571686413641563e-14,1.5965954899038644e-11,1.5965981609714413e-11,1.4856970028893286e-11,4.2733461581556066e-14,3.297671648959354e-14
2.6418571956715147e-15,0.13078664456613923,0.46346346346346345,0.0,0.0,0.0,0.07307307302613253,0.0,2.6222262238615457e-16,1.3030679463746898e-20,2.152156357419557e-21,6.5637251797660415e-18,2.1974288138822e-25,1.8167928187561036e-16,8.777945122420857e-23,0.0,0.46346346346346345,1.5144643688641774e-13,3.1931986834749395e-11,3.193209367788038e-11,2.971394694308163e-11,8.546708569284717e-14,6.595365843514703e-14
3.962790272582647e-15,0.13078664456920888,0.46346346346346345,0.0,0.0,0.0,0.07307307300266218,0.0,5.572231224658738e-16,2.7690246761803723e-20,4.573330623419727e-21,1.394791131063843e-17,6.283273470086998e-25,3.8606832880704173e-16,1.865314067195099e-22,0.0,0.46346346346346345,2.2718515600357348e-13,4.7897995340332254e-11,4.7898222382155555e-11,4.457085345446203e-11,1.2820061434646622e-13,9.893060174343383e-14
5.283723349493779e-15,0.1307866445722785,0.46346346346346345,0.0,0.0,0.0,0.07307307297919183,0.0,9.505566056376913e-16,4.72363583732036e-20,7.801556813571129e-21,2.37934742710601e-17,1.325323722355965e-24,6.585865303447483e-16,3.1820056064727703e-22,0.0,0.46346346346346345,3.0293302148356447e-13,6.38639804158216e-11,6.386436772249848e-11,5.942768956336833e-11,1.7093404754276295e-13,1.3190754641457045e-13
7.925589503316043e-15,0.1307866445784179,0.46346346346346345,0.0,0.0,0.0,0.07307307293225113,0.0,1.96800397671308e-15,9.779701788500554e-20,1.6152098951444035e-20,4.9261265485389294e-17,3.619865310600858e-24,1.363516886411157e-15,6.587932321236803e-22,0.0,0.46346346346346345,4.544502183837437e-13,9.579589557791193e-11,9.579669744688829e-11,8.91411965519201e-11,2.564006899039505e-13,1.9786143895573047e-13
1.0567455657138306e-14,0.1307866445845573,0.46346346346346345,0.0,0.0,0.0,0.07307307288531042,0.0,3.3470538889858545e-15,1.6632728637777057e-19,2.7470427507363843e-20,8.378032229261148e-17,7.573958159408389e-24,2.3189797602174804e-15,1.1204334171318808e-21,0.0,0.46346346346346345,6.060010496863094e-13,1.2772772457947749e-10,1.2772908834768836e-10,1.1885444464823825e-10,3.4186698123742413e-13,2.638153365095435e-13
1.320932181096057e-14,0.13078664459069675,0.46346346346346345,0.0,0.0,0.0,0.07307307283836972,0.0,5.11353275492091e-15,2.541107416758533e-19,4.196850195390488e-20,1.2799708732345852e-16,1.37880789864154e-23,3.5428681732047015e-15,1.7117667508957085e-21,0.0,0.46346346346346345,7.575879178197104e-13,1.596594612664248e-10,1.5966154479436523e-10,1.4856741536225178e-10,4.273328964721139e-13,3.297692394348353e-13
1.8493054118605096e-14,0.13078664460297582,0.46346346346346345,0.0,0.0,0.0,0.07307307274448833,0.0,9.83309752182295e-15,4.8864681857028795e-19,8.07034503681807e-20,2.461323783761292e-16,3.64044162768267e-23,6.812767921826775e-15,3.2916552617219178e-21,0.0,0.46346346346346345,1.0608720280076938e-12,2.2352265189935414e-10,2.235266584406831e-10,2.079925072349426e-10,5.98263575036647e-13,4.616770617425395e-13
2.906051873389415e-14,0.13078664462753456,0.46346346346346345,0.0,0.0,0.0,0.07307307255672554,0.0,2.398953499625937e-14,1.1921543136426502e-18,1.9688931345470055e-19,6.00480415316446e-16,1.4076843390257892e-22,1.6620862865433316e-14,8.030578027304375e-21,0.0,0.46346346346346345,1.6678790427112985e-12,3.512479091273462e-10,3.5125768382314896e-10,3.2683931362916463e-10,9.401203528174646e-13,7.254927718139266e-13
3.9627983349183203e-14,0.13078664465209416,0.46346346346346345,0.0,0.0,0.0,0.07307307236896275,0.0,4.444100132339727e-14,2.2085128180914124e-18,3.647395207262341e-19,1.1123964117882265e-15,3.493487654093943e-22,3.079031844404387e-14,1.4876806420755126e-20,0.0,0.46346346346346345,2.2754716180282834e-12,4.789716663616734e-10,4.789897742257559e-10,4.4568161313394755e-10,1.2819710196737162e-12,9.893085692758978e-13
6.076291257976131e-14,0.13078664470121593,0.46346346346346345,0.0,0.0,0.0,0.07307307199343718,0.0,1.0422240775319073e-13,5.1795135204806514e-18,8.553763058323275e-19,2.608759770917658e-15,1.2688085167602705e-21,7.220851863663457e-14,3.4889032457610805e-20,0.0,0.46346346346346345,3.4924129097369984e-12,7.344146822959419e-10,7.344571490194392e-10,6.833526964283753e-10,1.96565402705795e-12,1.5169404265993115e-12
1.0303277104091754e-13,0.1307866447994695,0.46346346346346345,0.0,0.0,0.0,0.07307307124238605,0.0,2.9929191048953684e-13,1.4874673958496158e-17,2.4563208185238094e-18,7.491386536320318e-15,6.340117622105579e-21,2.0735572065449252e-13,1.0019057526714605e-19,0.0,0.46346346346346345,5.933319866560829e-12,1.2452827209115892e-09,1.2454046736434861e-09,1.1586408067256903e-09,3.332946743676006e-12,2.572205192804039e-12
1.8757248796322998e-13,0.1307866449960172,0.46346346346346345,0.0,0.0,0.0,0.07307306974028378,0.0,9.914043204944258e-13,4.9278069757333146e-17,8.136331218150517e-18,2.4814540508414663e-14,3.929891760803966e-20,6.868453530725554e-13,3.3188760370672548e-19,0.0,0.4634634634634634,1.0843230185170494e-11,2.2669468311188983e-09,2.2673508164502553e-09,2.1090008517531584e-09,6.067239037467961e-12,4.682738947357473e-12
2.7211220488554246e-13,0.1307866451926189,0.46346346346346345,0.0,0.0,0.0,0.07307306823818153,0.0,2.086085179614601e-12,1.036998011611523e-16,1.7119826415046907e-17,5.2212850307819644e-14,1.15543471935005e-19,1.4452041486406808e-12,6.9836002437266035e-19,0.0,0.46346346346346334,1.579060158082889e-11,3.2885149914972366e-09,3.2893650765567873e-09,3.0590727224539616e-09,8.801140541367666e-12,6.793278352236859e-12
3.566519218078549e-13,0.13078664538927454,0.46346346346346345,0.0,0.0,0.0,0.0730730667360793,0.0,3.583246501514882e-12,1.7814111456807444e-16,2.940585797891489e-17,8.968345139542351e-14,2.5304905744915035e-19,2.4823511275817123e-12,1.1995846383300631e-18,0.0,0.4634634634634633,2.0775432913726783e-11,4.309987210785435e-09,4.311447443508786e-09,4.0088565025462235e-09,1.1534651343279787e-11,8.903823436507787e-12
4.411916387301673e-13,0.13078664558598407,0.46346346346346345,0.0,0.0,0.0,0.07307306523397711,0.0,5.482797835612812e-12,2.726033221613239e-16,4.499344971559436e-17,1.3722339542749854e-13,4.703923750730582e-19,3.798202933971397e-12,1.835537630480949e-18,0.0,0.46346346346346323,2.5797723050882256e-11,5.331363497901755e-09,5.333597906581662e-09,4.95835227820471e-09,1.4267771533593932e-11,1.1014374230221671e-11
6.102710725747923e-13,0.13078664597956496,0.46346346346346345,0.0,0.0,0.0,0.07307306222977275,0.0,1.0488736014361492e-11,5.215953198867041e-16,8.606970167177576e-17,2.625004028778299e-13,1.2134426169030263e-18,7.2657125858294635e-12,3.51154071829355e-18,0.0,0.463463463463463,3.595467560678993e-11,7.373828308511048e-09,7.378103081452093e-09,6.856480135094439e-09,1.9732840413803464e-11,1.523549305740568e-11
7.793505064194171e-13,0.1307866463733615,0.46346346346346345,0.0,0.0,0.0,0.07307305922556848,0.0,1.7103176223153954e-11,8.506863912799194e-16,1.4034077066004935e-16,4.2802027878159555e-13,2.4935936165386866e-18,1.1847066034406853e-11,5.7261788943296025e-18,0.0,0.46346346346346284,4.626145031358183e-11,9.415909494474535e-09,9.422880515430248e-09,8.75345698275162e-09,2.5196347905217373e-11,1.945663507480658e-11
9.48429940264042e-13,0.13078664676737348,0.46346346346346345,0.0,0.0,0.0,0.07307305622136429,0.0,2.5325357341968243e-11,1.2598876990205383e-15,2.0779843891012282e-16,6.337582015191185e-13,4.467522026809268e-18,1.7541561496815266e-11,8.479251865869797e-18,0.0,0.46346346346346257,5.6718037790605604e-11,1.1457607130641822e-08,1.146793011829935e-08,1.0649283546691731e-08,3.0658294768834205e-11,2.367780053614661e-11
1e-12,0.13078664755604366,0.46346346346346345,0.0,0.0,0.0,0.07307305530506722,0.0,2.8153016900449557e-11,1.4006410300024995e-15,2.3099648947362186e-16,7.045096467748999e-13,5.2309346048409476e-18,1.9499839977643504e-11,9.426080308105291e-18,0.0,0.4634634634634625,5.993716226954047e-11,1.2080258639776533e-08,1.2091734468059201e-08,1.1227291164629074e-08,3.2323904975029934e-11,2.4965281487007686e-11
1.2865888079532917e-12,0.13078664755604366,0.46346346346346345,0.0,0.0,0.0,0.0730730502129561,0.0,4.6589984466494834e-11,2.318664490153123e-15,3.82241640760646e-16,1.1657917261572764e-12,1.1105732569083902e-17,3.226725120839557e-11,1.5599923791306466e-17,0.0,0.4634634634634619,7.808061471550387e-11,1.5539852044578164e-08,1.5558845479882573e-08,1.4437488642904294e-08,4.157750957158311e-11,3.2120202777982276e-11
1.6247476756425414e-12,0.13078664834557474,0.46346346346346345,0.0,0.0,0.0,0.07307304420454823,0.0,7.427673131494811e-11,3.6980121493801264e-15,6.093357667947266e-16,1.8584090292684145e-12,2.2339828361296092e-17,5.143735480093016e-11,2.4872007375181254e-17,0.0,0.46346346346346107,1.0004233401593097e-10,1.9620563629613437e-08,1.9650848467891765e-08,1.8221101034175894e-08,5.2490490710891655e-11,4.056270174786573e-11
1.962906543331791e-12,0.13078664913596585,0.46346346346346345,0.0,0.0,0.0,0.07307303819614062,0.0,1.0837975666867564e-10,5.398016520930518e-15,8.890177710156612e-16,2.711419638340131e-12,3.9372250662232997e-17,7.504648708529518e-11,3.629396512472568e-17,0.0,0.46346346346345996,1.226031239482941e-10,2.369974246106289e-08,2.3743938388840626e-08,2.2000126287807587e-08,6.339724403343109e-11,4.900529939757968e-11
2.301065411021041e-12,0.13078664992721628,0.46346346346346345,0.0,0.0,0.0,0.07307303218773332,0.0,1.4889323035087376e-10,7.41876333317743e-15,1.221224737276663e-15,3.724633453872745e-12,6.340307951036435e-17,1.0308927344747213e-10,4.986426226691068e-17,0.0,0.46346346346345874,1.4576291297480725e-10,2.777738911360986e-08,2.7838114550037696e-08,2.5774569960166667e-08,7.42977753776154e-11,5.744799767707082e-11
2.9773831463995403e-12,0.1307866515122918,0.46346346346346345,0.0,0.0,0.0,0.07307302017091959,0.0,2.4912822025732594e-10,1.2422827232215654e-14,2.0429621590761938e-15,6.230910987565157e-12,1.3725593522634495e-16,1.7245432940109693e-10,8.344373921021441e-17,0.0,0.46346346346345574,1.9387920284797857e-10,3.592808818194414e-08,3.602972282116548e-08,3.330973476641964e-08,9.608019548477806e-11,7.433370393134397e-11
3.65370088177804e-12,0.1307866531007951,0.46346346346346345,0.0,0.0,0.0,0.07307300815410696,0.0,3.7493513325713054e-10,1.8710889482254234e-14,3.0740457013899227e-15,9.375723482385752e-12,2.5348221049533313e-16,2.594896011675566e-10,1.2559817584603226e-16,0.0,0.4634634634634522,2.4439063358283396e-10,4.407266543351751e-08,4.4225667738638424e-08,4.082663982588529e-08,1.1783779771932636e-10,9.121983612111383e-11
4.330018617156539e-12,0.1307866546927198,0.46346346346346345,0.0,0.0,0.0,0.07307299613729541,0.0,5.262674914259745e-10,2.6283635109419963e-14,4.31397416454677e-15,1.3157555915820628e-11,4.216459142034721e-16,3.641522560524899e-10,1.7631533064739426e-16,0.0,0.4634634634634478,2.9729663730227117e-10,5.221112546526694e-08,5.242594376267622e-08,4.8325329419695726e-08,1.3957062872059334e-10,1.0810640985497712e-10
5.0063363525350385e-12,0.13078665628805966,0.46346346346346345,0.0,0.0,0.0,0.07307298412048488,0.0,7.030789217496252e-10,3.514174833815296e-14,5.7622476489353065e-15,1.757489688962056e-11,6.512881001643103e-16,4.863995642804812e-10,2.3558298677040427e-16,0.0,0.4634634634634429,3.525966485330907e-10,6.034347287095709e-08,6.063054535782988e-08,5.5805847722567654e-08,1.6127873506691817e-10,1.249934407358365e-10
5.682654087913538e-12,0.13078665788680852,0.46346346346346345,0.0,0.0,0.0,0.07307297210367537,0.0,9.053231592958316e-10,4.52859125384919e-14,7.418367587859486e-15,2.262623873166429e-11,9.51926225962483e-16,6.261889018699986e-10,3.0338895291286374e-16,0.0,0.4634634634634375,4.102901042352846e-10,6.846971224081028e-08,6.883946699342436e-08,6.326823879983033e-08,1.8296216327210525e-10,1.418809443596402e-10
7.035289558670537e-12,0.13078666109450807,0.46346346346346345,0.0,0.0,0.0,0.07307294807005925,0.0,1.3859255035549152e-09,6.943512329803792e-14,1.1352158812515713e-14,3.462491181314738e-11,1.804149431825554e-15,9.582236655167884e-10,4.645671700042328e-16,0.0,0.4634634634634248,5.328551082698538e-10,8.470388521705165e-08,8.527024828589666e-08,7.81388150256783e-08,2.262551710099607e-10,1.756574321865747e-10
8.387925029427536e-12,0.13078666431576874,0.46346346346346345,0.0,0.0,0.0,0.07307292403644676,0.0,1.9677065332344616e-09,9.873671745273425e-14,1.6111385542057772e-14,4.914158715260413e-11,3.053990594761032e-15,1.3599176381948405e-09,6.597529547034041e-16,0.0,0.46346346346340994,6.649871928835383e-10,1.0091368104552435e-07,1.0171824348930047e-07,9.293740846606668e-08,2.694500227701298e-10,2.0943599796559247e-10
9.740560500184535e-12,0.13078666755054102,0.46346346346346345,0.0,0.0,0.0,0.07307290000283764,0.0,2.650299948618092e-09,1.3319613164239884e-13,2.1692106330720998e-14,6.616433504767626e-11,4.77675558371578e-15,1.8309335664396525e-09,8.888496795565388e-16,0.0,0.4634634634633932,8.06681939520509e-10,1.1709913632211415e-07,1.1818340852786367e-07,1.0766436777826503e-07,3.125470883764435e-10,2.432167662187112e-10
1e-11,0.13078667079877573,0.46346346346346345,0.0,0.0,0.0,0.07307289539312042,0.0,2.7927153352287835e-09,1.4039551923030338e-13,2.2856070603308004e-14,6.971478952729536e-11,5.167504380451491e-15,1.9291709659565173e-09,9.366589427781083e-16,0.0,0.4634634634633898,8.349520170918708e-10,1.2020077573784575e-07,1.2134343483629973e-07,1.1048088383608774e-07,3.208020878137019e-10,2.4969628000290666e-10
1.1093195970941533e-11,0.13078667079877573,0.46346346346346345,0.0,0.0,0.0,0.07307287596923162,0.0,3.4333411118484495e-09,1.7281878929639705e-13,2.8090400219884893e-14,8.568128309046125e-11,7.0473874913536324e-15,2.370935823375748e-09,1.1517611099340903e-15,0.0,0.4634634634633748,9.579349668902522e-10,1.3326028758801083e-07,1.346656993995869e-07,1.2232003993770807e-07,3.555467366575711e-10,2.76999861362989e-10
1.3798466912455531e-11,0.13078667733543647,0.46346346346346345,0.0,0.0,0.0,0.0730728279020278,0.0,5.299316373417749e-09,2.675754629241084e-13,4.3324125045922194e-14,1.3215057415865434e-10,1.3530225268402986e-14,3.6565648830162966e-09,1.7786450977468053e-15,0.0,0.46346346346333356,1.2890985230069635e-09,1.655098239798634e-07,1.6768148300222403e-07,1.514189023588883e-07,4.412552516108278e-10,3.4457352947502976e-10
1.650373785396953e-11,0.13078668392536155,0.46346346346346345,0.0,0.0,0.0,0.07307277983483319,0.0,7.562748205090561e-09,3.830498622374693e-13,6.178159885977803e-14,1.8845561837394693e-10,2.3094848335549853e-14,5.214152087507588e-09,2.5396428419502403e-15,0.0,0.4634634634632877,1.6584435482734857e-09,1.976625814581314e-07,2.007652437546124e-07,1.8023673815120767e-07,5.265784984449541e-10,4.121579955634284e-10
1.9209008795483526e-11,0.13078669056816492,0.46346346346346345,0.0,0.0,0.0,0.07307273176764566,0.0,1.0220778700095108e-08,5.192849006941016e-13,8.343218325576635e-14,2.5450347708449455e-10,3.6327882506387105e-14,7.041070349600013e-09,3.4339984655107315e-15,0.0,0.46346346346323875,2.0659363134323784e-09,2.2971885038616227e-07,2.3391663229233252e-07,2.0877626322309452e-07,6.115193921843032e-10,4.797542512474221e-10
2.1914279736997524e-11,0.13078669726346423,0.46346346346346345,0.0,0.0,0.0,0.07307268370046305,0.0,1.3270575913194694e-08,6.763232821254574e-13,1.0824555940712925e-13,3.3020210645865404e-10,5.381028947090371e-14,9.134717981077183e-09,4.460962235197921e-15,0.0,0.4634634634631884,2.5115436653662093e-09,2.61678920255753e-07,2.671353004261157e-07,2.3704016722145463e-07,6.960808321573995e-10,5.473632865259313e-10
2.4619550678511522e-11,0.1307867040108805,0.46346346346346345,0.0,0.0,0.0,0.07307263563328328,0.0,1.670933360308588e-08,8.542075016994936e-13,1.3619172473743663e-13,4.1546034852828107e-10,7.611742406834807e-14,1.1492518436841676e-08,5.619790503032167e-15,0.0,0.4634634634631379,2.99523301932025e-09,2.935430796899938e-07,3.004209011379004e-07,2.650311137963348e-07,7.802657021017824e-10,6.1498608980061e-10
2.732482162002552e-11,0.13078671081003834,0.46346346346346345,0.0,0.0,0.0,0.07307258756610423,0.0,2.053427098302556e-08,1.0529798468639123e-12,1.672409897013577e-13,5.101879225191851e-10,1.0381908971652146e-13,1.4111920067226482e-08,6.909745649568808e-15,0.0,0.463463463463089,3.51697235139894e-09,3.253116164460953e-07,3.33773088576917e-07,2.9275174085707784e-07,8.640768702661767e-10,6.826236478980851e-10
3.2735363503053515e-11,0.13078672456209334,0.46346346346346345,0.0,0.0,0.0,0.07307249143173988,0.0,2.9331687558142445e-08,1.51335703020629e-12,2.385316076667478e-13,7.276942811211071e-10,1.7765777778992882e-13,2.012544335831086e-08,9.880115929953311e-15,0.0,0.46346346346300166,4.6744756168314715e-09,3.8856296863811704e-07,4.006758460494567e-07,3.473924607889453e-07,1.0305894973648e-09,8.17946968115804e-10
3.814590538608151e-11,0.1307867385166931,0.46346346346346345,0.0,0.0,0.0,0.07307239529735314,0.0,3.964107935611853e-08,2.0577890107556337e-12,3.2188604029345475e-13,9.82016164210155e-10,2.797757716234327e-13,2.7155363543938265e-08,1.3366290628202922e-14,0.0,0.463463463462939,5.983808213090558e-09,4.5143526167028013e-07,4.678408292467103e-07,4.009829248078261e-07,1.1956413533520008e-09,9.533411110997893e-10
4.3556447269109506e-11,0.13078675267095413,0.46346346346346345,0.0,0.0,0.0,0.07307229916292719,0.0,5.144109215574419e-08,2.686606699502102e-12,4.1707772665402884e-13,1.2724620598481537e-09,4.1453704898766687e-13,3.518213952593053e-08,1.7362580295866795e-14,0.0,0.4634634634629132,7.444733405375702e-09,5.139307666916996e-07,5.352653130192981e-07,4.5354333448464054e-07,1.3592548364821004e-09,1.0888139169213466e-09
4.89669891521375e-11,0.13078676702204542,0.46346346346346345,0.0,0.0,0.0,0.07307220302844536,0.0,6.471075642204277e-08,3.400137767020881e-12,5.238848228008259e-13,1.5983537057546245e-09,5.86221787188309e-13,4.418660609111828e-08,2.1863386807505494e-14,0.0,0.46346346346293665,9.057022750191594e-09,5.760517412432228e-07,6.029465905527286e-07,5.050935027481489e-07,1.5214521063748084e-09,1.224373202452003e-09
5.4377531035165497e-11,0.13078678156718657,0.46346346346346345,0.0,0.0,0.0,0.07307210689389092,0.0,7.942948003802381e-08,4.198706670506464e-12,6.420901081468535e-13,1.9590258365787567e-09,7.990279786929685e-13,5.414996669130726e-08,2.6863201707410423e-14,0.0,0.46346346346302175,1.0820455876756394e-08,6.378004293390721e-07,6.708819732539253e-07,5.556528613517835e-07,1.682255086999322e-09,1.3600267619997887e-09
5.978807291819349e-11,0.1307867963036476,0.46346346346346345,0.0,0.0,0.0,0.07307201075924726,0.0,9.557704114484994e-08,5.082634680541621e-12,7.714808933290205e-13,2.353825934951121e-09,1.0570730224317773e-12,6.505378633166396e-08,3.2356604580376573e-14,0.0,0.46346346346318074,1.2734820272134176e-08,6.991790615484235e-07,7.390687906378591e-07,6.052404682283413e-07,1.8416854696267488e-09,1.4957823679325094e-09
7.060915668424948e-11,0.13078682633985364,0.46346346346346345,0.0,0.0,0.0,0.07307181848962609,0.0,1.3207959810278112e-07,7.1078373257455084e-12,1.0629903274694497e-12,3.2432622589390796e-09,1.724955535268956e-12,8.961082922117049e-08,4.4802923320465945e-14,0.0,0.4634634634637706,1.7015530862203368e-08,8.20835013840469e-07,8.761861373849572e-07,7.015748321389239e-07,2.1565140597255e-09,1.767630702309614e-09
8.034813207369987e-11,0.13078685400035717,0.46346346346346345,0.0,0.0,0.0,0.07307164544649619,0.0,1.6962299385608583e-07,9.225606513911756e-12,1.361559155513326e-12,4.154179039265938e-09,2.520476723181079e-12,1.147507572836831e-07,5.76400502818325e-14,0.0,0.46346346346467976,2.1382376960422607e-08,9.29081884400563e-07,1.0004252325727667e-06,7.851361556669437e-07,2.435378449699975e-09,2.012720746179614e-09
9.008710746315026e-11,0.1307868822404691,0.46346346346346345,0.0,0.0,0.0,0.07307147240282101,0.0,2.1149752893197202e-07,1.1624792699010999e-11,1.6932590253479329e-12,5.166079873210701e-09,3.523083473022304e-12,1.4266687494567015e-07,7.19959624653067e-14,0.0,0.4634634634660229,2.623527278838999e-08,1.0361638576528e-06,1.125438260621049e-06,8.658290532020601e-07,2.710122631093889e-09,2.2582613559246977e-09
9.982608285260065e-11,0.13078691104595977,0.46346346346346345,0.0,0.0,0.0,0.07307129935850526,0.0,2.575977647715694e-07,1.4307157684920062e-11,2.0570019152066122e-12,6.275589191807419e-09,4.754072645235993e-12,1.7326385610105038e-07,8.784202811617314e-14,0.0,0.4634634634678734,3.157323645100091e-08,1.1420934666293172e-06,1.2512102874201217e-06,9.437520705526167e-07,2.9808650654212853e-09,2.5042971431106998e-09
9.999999999999999e-11,0.13078694040305078,0.46346346346346345,0.0,0.0,0.0,0.07307129626829968,0.0,2.58458791624292e-07,1.4357643212340881e-11,2.0637823383009835e-12,6.2962696456950656e-09,4.77825788807854e-12,1.7383404953094006e-07,8.813837654049748e-14,0.0,0.46346346346791156,3.167296378560384e-08,1.1439747444138684e-06,1.2534631128362394e-06,9.451190209686033e-07,2.9856642872851805e-09,2.5086955851363904e-09
1.0956505824205104e-10,0.13078694040305078,0.46346346346346345,0.0,0.0,0.0,0.0730711263134542,0.0,3.078216255966588e-07,1.727443182395847e-11,2.4517406523106598e-12,7.479447030668903e-09,6.234011468558045e-12,2.064496497733112e-07,1.0515042027453927e-13,0.0,0.4634634634703051,3.7395352951462387e-08,1.2468831095189548e-06,1.3777265601997121e-06,1.0190003674004692e-06,3.247721991306005e-09,2.750872533420021e-09
1.1930403363150144e-10,0.13078697029840633,0.46346346346346345,0.0,0.0,0.0,0.07307095326757343,0.0,3.620702848997662e-07,2.05283144630436e-11,2.8764674638472667e-12,8.774505084446948e-09,7.982762737774238e-12,2.421353674675346e-07,1.2389409086423554e-13,0.0,0.4634634634733916,4.37007708504136e-08,1.3505450511192731e-06,1.5049725055116637e-06,1.091665833797172e-06,3.5108074730990883e-09,2.9980317759830446e-09
1.2904300902095184e-10,0.1307870007191137,0.46346346346346345,0.0,0.0,0.0,0.07307078022076907,0.0,4.2024805588798943e-07,2.4070474379750877e-11,3.3302125806772064e-12,1.0157722898990274e-08,1.0019509127542692e-11,2.802351744670408e-07,1.4404674566755346e-13,0.0,0.4634634634772074,5.0488699055385105e-08,1.4530914242719422e-06,1.6329337272359052e-06,1.1618372025803413e-06,3.770233448184475e-09,3.2458189522691363e-09
1.3878198441040224e-10,0.13078703165267117,0.46346346346346345,0.0,0.0,0.0,0.07307060717294753,0.0,4.822622856595554e-07,2.790255020915637e-11,3.812042890703542e-12,1.1626164193508563e-08,1.2362776671775509e-11,3.2066618485424575e-07,1.655828201365898e-13,0.0,0.4634634634818267,5.775840373330668e-08,1.5545342312825097e-06,1.7615960046082983e-06,1.229600157938151e-06,4.0261097730448004e-09,3.4942779845629993e-09
1.4852095979985265e-10,0.13078706308697355,0.46346346346346345,0.0,0.0,0.0,0.07307043412401562,0.0,5.480232530762183e-07,3.202615086165732e-11,4.3210606413604735e-12,1.3176993311458037e-08,1.5030457416898018e-11,3.633483602188134e-07,1.884774560331731e-13,0.0,0.4634634634873243,6.550920534475356e-08,1.654885345324504e-06,1.8909452902704565e-06,1.295037440160152e-06,4.278544268095897e-09,3.743452644031584e-09
1.5825993518930305e-10,0.13078709501029886,0.46346346346346345,0.0,0.0,0.0,0.07307026107388052,0.0,6.174440701209454e-07,3.644285593251473e-11,4.856402188329224e-12,1.4807471792818284e-08,1.803983129614142e-11,4.08204411843002e-07,2.1270647885047715e-13,0.0,0.4634634634937752,7.374047579293001e-08,1.7541565118286635e-06,2.020967708340413e-06,1.3582289467917212e-06,4.527642761356843e-09,3.993386558406257e-09
1.6799891057875345e-10,0.1307871274112955,0.46346346346346345,0.0,0.0,0.0,0.07307008802244969,0.0,6.904405866133079e-07,4.115421610352231e-11,5.417236788703117e-12,1.651495506331386e-08,2.1407587253525084e-11,4.551597062366267e-07,2.38246375988117e-13,0.0,0.46346346350125456,8.245163568299568e-08,1.852359349857372e-06,2.151649552504058e-06,1.4192518303240946e-06,4.773509130991711e-09,4.244123219295982e-09
1.7773788596820386e-10,0.13078716027896967,0.46346346346346345,0.0,0.0,0.0,0.07306991496963097,0.0,7.669312981614495e-07,4.616175353718361e-11,6.002765436906798e-12,1.8296889236359445e-08,2.514984364473782e-11,5.041421739005162e-07,2.650742756539483e-13,0.0,0.46346346350983786,9.1642151687564e-08,1.9495053534643655e-06,2.2829772841272186e-06,1.478180592545265e-06,5.016245346757402e-09,4.4957059891464796e-09
1.8747686135765426e-10,0.13078719360267357,0.46346346346346345,0.0,0.0,0.0,0.07306974191533248,0.0,8.468372572603202e-07,5.146696226367316e-11,6.612219742102418e-12,2.0150808024580768e-08,2.928216793521339e-11,5.55082221228132e-07,2.931679264726227e-13,0.0,0.463463463519601,1.0131153401524576e-07,2.045605893039718e-06,2.414937530388361e-06,1.53508717564518e-06,5.255951510382658e-09,4.748178107856644e-09
1.9721583674710466e-10,0.13078722737209356,0.46346346346346345,0.0,0.0,0.0,0.07306956885946263,0.0,9.300819874334822e-07,5.707130856089753e-11,7.244860845659208e-12,2.2074329757334106e-08,3.381959571843802e-11,6.079126454427419e-07,3.225056777781123e-13,0.0,0.46346346353061973,1.1145933397874376e-07,2.1406722166403024e-06,2.547517082431677e-06,1.5900410501813689e-06,5.492725894908536e-09,5.001582699064841e-09
2.0695481213655507e-10,0.1307872615772391,0.46346346346346345,0.0,0.0,0.0,0.07306939580193011,0.0,1.0165914003113065e-06,6.297623132797017e-11,7.899978377209678e-12,2.406515450049093e-08,3.877664907852207e-11,6.625685524630773e-07,3.5306646056639303e-13,0.0,0.46346346354297036,1.2208514165886228e-07,2.234715451305924e-06,2.6807028935402294e-06,1.643109300015737e-06,5.726664983022323e-09,5.25596277611801e-09
2.1669378752600547e-10,0.13078729620843174,0.46346346346346345,0.0,0.0,0.0,0.07306922274264385,0.0,1.106293715538053e-06,6.918314245240125e-11,8.576889447812828e-12,2.6121061274742342e-08,4.4167354321144425e-11,7.189872775900573e-07,3.848297690844007e-13,0.0,0.4634634635567294,1.3318858366077658e-07,2.327746604361334e-06,2.8144820773289148e-06,1.6943567043336436e-06,5.957863504416776e-09,5.511361247736685e-09
2.2643276291545587e-10,0.13078733125629483,0.46346346346346345,0.0,0.0,0.0,0.07306904968151302,0.0,1.1991193834091754e-06,7.569342717126332e-11,9.274937678866039e-12,2.8239905368985885e-08,5.000525909499874e-11,7.77108308915977e-07,4.1777564303335097e-13,0.0,0.4634634635719737,1.4476932095919476e-07,2.419776564704246e-06,2.9488419059570302e-06,1.7438458168472325e-06,6.186414472203682e-09,5.767820923387905e-09
2.3617173830490625e-10,0.13078736671174318,0.46346346346346345,0.0,0.0,0.0,0.07306887661844705,0.0,1.2950010101471361e-06,8.250844442656604e-11,9.993492265504498e-12,3.0419615745599194e-08,5.630344892431085e-11,8.368732133645015e-07,4.5188465036604564e-13,0.0,0.4634634635887799,1.568270468292812e-07,2.5108161040795056e-06,3.0837698083602725e-06,1.7916370422778349e-06,6.412409218408592e-09,6.025384518377249e-09
2.4591071369435663e-10,0.1307874025659736,0.46346346346346345,0.0,0.0,0.0,0.07306870355335564,0.0,1.3938732857275057e-06,8.962952721505677e-11,1.073194707327873e-11,3.265819253452651e-08,6.307456317220883e-11,8.982255652733017e-07,4.871378706585499e-13,0.0,0.4634634636072254,1.693614848603349e-07,2.600875878339526e-06,3.2192533685019666e-06,1.8377887102086288e-06,6.6359374285728405e-09,6.284094658670706e-09
2.55649689083807e-10,0.13078743881045518,0.46346346346346345,0.0,0.0,0.0,0.0730685304861486,0.0,1.4956729141681483e-06,9.705798293265471e-11,1.1489719766918849e-11,3.49537046131404e-08,7.033081045449013e-11,9.611108774322017e-07,5.235168790368296e-13,0.0,0.46346346362738744,1.823723870492586e-07,2.6899664286911576e-06,3.355280323643314e-06,1.8823571463976658e-06,6.857087175488793e-09,6.543993885456952e-09
2.653886644732574e-10,0.1307874754369204,0.46346346346346345,0.0,0.0,0.0,0.07306835741673601,0.0,1.6003385461960905e-06,1.0479509371371561e-10,1.2266250970021306e-11,3.730428726890315e-08,7.808398352292493e-11,1.0254765344915196e-06,5.610037306393384e-13,0.0,0.46346346364934365,1.9585953197091713e-07,2.7780981829291516e-06,3.491838562632442e-06,1.92539674163953e-06,7.075944952093885e-09,6.805124659460351e-09
2.7512763986270776e-10,0.13078751243735623,0.46346346346346345,0.0,0.0,0.0,0.07306818434502814,0.0,1.707810714209811e-06,1.128421167653085e-10,1.3061003454538582e-11,3.970813994196185e-08,8.634547363653004e-11,1.0912717286583938e-06,5.995809455972239e-13,0.0,0.46346346367317204,2.0982272302258908e-07,2.8652814566563573e-06,3.6289161242120388e-06,1.96696001826064e-06,7.292595703548013e-09,7.067529365014645e-09
2.8486661525215814e-10,0.13078754980399543,0.46346346346346345,0.0,0.0,0.0,0.07306801127093539,0.0,1.8180317694582888e-06,1.2120028469667122e-10,1.3873461359003064e-11,4.2163524044936554e-08,9.512628443843979e-11,1.1584473976025035e-06,6.39231494514632e-13,0.0,0.4634634636989505,2.242617867398375e-07,2.951526454490783e-06,3.7665011953453993e-06,2.007097694329489e-06,7.507122858517825e-09,7.331250313906794e-09
2.946055906416085e-10,0.13078758752930872,0.46346346346346345,0.0,0.0,0.0,0.07306783819436843,0.0,1.9309458213611944e-06,1.2987080584399893e-10,1.4703129434460094e-11,4.466876085726704e-08,1.0443704535531084e-10,1.2269561644956416e-06,6.799387844322504e-13,0.0,0.4634634637267572,2.3917657118123297e-07,3.0368432712596794e-06,3.90458210956066e-06,2.045858745659964e-06,7.719608359690625e-09,7.596329749000116e-09
3.043445660310589e-10,0.13078762560599666,0.46346346346346345,0.0,0.0,0.0,0.07306766511523802,0.0,2.0464986788970535e-06,1.3885486459071034e-10,1.5549532317120182e-11,4.722222949156875e-08,1.1428802453565523e-10,1.296752280112014e-06,7.216866452577654e-13,0.0,0.46346346375667063,2.545669443794447e-07,3.1212418931807713e-06,4.04314734531305e-06,2.083290465683362e-06,7.930132693539931e-09,7.862809847645497e-09
3.1408354142050927e-10,0.13078766402698186,0.46346346346346345,0.0,0.0,0.0,0.07306749203345508,0.0,2.1646377939884e-06,1.4815362168332679e-10,1.641221382677246e-11,4.9822364929525034e-08,1.2468914134299375e-10,1.3677915669183734e-06,7.644593166474014e-13,0.0,0.46346346378876957,2.704327928562939e-07,3.204732199030774e-06,4.182185524364958e-06,2.1194385232624473e-06,8.138774919364198e-09,8.130732724889224e-09
3.2382251680995965e-10,0.1307877027854019,0.46346346346346345,0.0,0.0,0.0,0.0730673189489307,0.0,2.2853122068153183e-06,1.5776821454309097e-10,1.7290736290034882e-11,5.246765612492557e-08,1.356499784191941e-10,1.4400313650854372e-06,8.082414353232185e-13,0.0,0.4634634638231328,2.867740201994443e-07,3.287323961301352e-06,4.321685410183595e-06,2.1543470185184358e-06,8.345612697619453e-09,8.400140436485614e-09
3.3356149219941e-10,0.13078774187460188,0.46346346346346345,0.0,0.0,0.0,0.07306714586157614,0.0,2.408472492991209e-06,1.6769975757344248e-10,1.818467988755156e-11,5.515664417154574e-08,1.471797933328065e-10,1.5134304803545005e-06,8.530180228113985e-13,0.0,0.46346346385983944,3.0359054569848867e-07,3.3690268473426226e-06,4.461635906356113e-06,2.188058536739275e-06,8.55072231756604e-09,8.67107498172242e-09
3.5303944297831083e-10,0.13078782101971984,0.46346346346346345,0.0,0.0,0.0,0.07306679967802196,0.0,2.6620603649397904e-06,1.8851803847741138e-10,2.0017236777967162e-11,6.066012548830775e-08,1.7198182770999534e-10,1.6635489170253423e-06,9.454965445968908e-13,0.0,0.46346346394059973,3.3864923918536286e-07,3.5298041411744995e-06,4.742845035365065e-06,2.2520537151262205e-06,8.956055543207126e-09,9.217692303206757e-09
3.7056959867932154e-10,0.1307878933188435,0.46346346346346345,0.0,0.0,0.0,0.07306648810225604,0.0,2.89832498235282e-06,2.0834917993591514e-10,2.171541040759857e-11,6.574907246131024e-08,1.963361682505348e-10,1.8022353785957688e-06,1.0319855016350004e-12,0.0,0.46346346402209504,3.718270498326956e-07,3.6715586187918074e-06,4.9973658334917524e-06,2.3059537155985312e-06,9.315683343954032e-09,9.715289934082673e-09
3.8809975438033225e-10,0.1307879665949733,0.46346346346346345,0.0,0.0,0.0,0.07306617651594544,0.0,3.141940146714605e-06,2.2922355077433213e-10,2.3457771268171536e-11,7.09591106736999e-08,2.2266426159467703e-10,1.944099218274689e-06,1.1214799679590679e-12,0.0,0.4634634641124207,4.0654415659224695e-07,3.810578796803404e-06,5.253180278087967e-06,2.3565738764410858e-06,9.670838475365623e-09,1.0218485359758416e-08
4.0562991008134296e-10,0.13078804081596995,0.46346346346346345,0.0,0.0,0.0,0.07306586491857674,0.0,3.392666799232457e-06,2.5114685700624955e-10,2.5242438549522318e-11,7.628339746247249e-08,2.510097391796271e-10,2.088946937788753e-06,1.2139050289429765e-12,0.0,0.4634634642120438,4.4280049667062237e-07,3.9469173997292915e-06,5.510228518706387e-06,2.404114239681798e-06,1.0021919685525292e-08,1.072752178859412e-08
4.2316006578235367e-10,0.1307881159513398,0.46346346346346345,0.0,0.0,0.0,0.07306555330963767,0.0,3.650278365383336e-06,2.7412458621371744e-10,2.706767421106486e-11,8.171551154411482e-08,2.8141362001800473e-10,2.23659684248425e-06,1.3091889625784259e-12,0.0,0.46346346432143387,4.805960816706442e-07,4.080626135406411e-06,5.768452055234983e-06,2.4487626484112622e-06,1.0369313316029103e-08,1.1242642004496812e-08
4.406902214833644e-10,0.13078819197221173,0.46346346346346345,0.0,0.0,0.0,0.0730652416886167,0.0,3.9145600222445975e-06,2.981620127351592e-10,2.8931874035492708e-11,8.724942763815515e-08,3.139144716847468e-10,2.3868783205752803e-06,1.407263067918807e-12,0.0,0.46346346444106146,5.199309801920324e-07,4.211755714600834e-06,6.027793710744922e-06,2.490695492025763e-06,1.0713393723573843e-08,1.1764088394522303e-08
4.582203771843751e-10,0.13078826885118955,0.46346346346346345,0.0,0.0,0.0,0.07306493005500325,0.0,4.185308010577285e-06,3.232642027395741e-10,3.08335592494972e-11,9.287949264853522e-08,3.4854856134758883e-10,2.539631166924412e-06,1.508061503684137e-12,0.0,0.4634634645713991,5.608053018233364e-07,4.340355870236316e-06,6.288197604875895e-06,2.5300784054145024e-06,1.1054523683916473e-08,1.2292102972323198e-08
4.757505328853858e-10,0.130788346562296,0.46346346346346345,0.0,0.0,0.0,0.07306461840828764,0.0,4.462328988091503e-06,3.494360191933651e-10,3.2771368664212127e-11,9.860040327843814e-08,3.8534999763881094e-10,2.6947049477939634e-06,1.6115211362239116e-12,0.0,0.46346346471292055,6.032191824077843e-07,4.466475376254892e-06,6.54960912773685e-06,2.5670669257750065e-06,1.139305477941603e-08,1.2826927397834722e-08
4.932806885863965e-10,0.1307884250808755,0.46346346346346345,0.0,0.0,0.0,0.07306430674796079,0.0,4.745439422614893e-06,3.766821267197582e-10,3.47440513186291e-11,1.0440718503397965e-07,4.2435086365470045e-10,2.851958405287446e-06,1.7175813965529914e-12,0.0,0.4634634648661011,6.471727705378102e-07,4.590162066107657e-06,6.8119749143247436e-06,2.601807108381134e-06,1.172932777049395e-08,1.3368802993369089e-08
5.108108442874072e-10,0.13078850438352316,0.46346346346346345,0.0,0.0,0.0,0.07306399507351449,0.0,5.034465021863645e-06,4.050069963558327e-10,3.675045958288281e-11,1.1029517250179068e-07,4.6558134181983357e-10,3.0112588981877208e-06,1.8261841457181623e-12,0.0,0.4634634650314172,6.92666215169198e-07,4.71146285088881e-06,7.075242819442859e-06,2.6344361047100514e-06,1.2063672952115215e-08,1.391797075648617e-08
5.28340999988418e-10,0.1307885844480094,0.46346346346346345,0.0,0.0,0.0,0.07306368338444107,0.0,5.329240197425573e-06,4.344149102099427e-10,3.878954269035516e-11,1.1625999081720491e-07,5.090698311500975e-10,3.172481876805243e-06,1.9372735479583194e-12,0.0,0.463463465209347,7.396996542749414e-07,4.830423737120363e-06,7.339361893108425e-06,2.6650827053966244e-06,1.239641049606235e-08,1.4474671369915176e-08
5.458711556894288e-10,0.1307886652532132,0.46346346346346345,0.0,0.0,0.0,0.07306337168023348,0.0,5.6296075607430975e-06,4.649099660223462e-10,4.086034066973765e-11,1.2229753824598228e-07,5.548430574085319e-10,3.3355103896283633e-06,2.0507959511608113e-12,0.0,0.4634634654003693,7.882732044652962e-07,4.947089844195302e-06,7.604282356438488e-06,2.6938678502989707e-06,1.2727850779732014e-08,1.503914520877752e-08
5.634013113904395e-10,0.13078874677905764,0.46346346346346345,0.0,0.0,0.0,0.07306305996038535,0.0,5.9354174493748596e-06,4.964960816307918e-10,4.296197865469782e-11,1.2840396981959504e-07,6.029261765384078e-10,3.5002346200571575e-06,2.166699774227044e-12,0.0,0.4634634656049642,8.383869515164742e-07,5.06150542148439e-06,7.869955578006758e-06,2.720905107452611e-06,1.3058294702012821e-08,1.561163234530871e-08
5.809314670914503e-10,0.13078882900644964,0.46346346346346345,0.0,0.0,0.0,0.07306274822439086,0.0,6.246527481788248e-06,5.291769993430054e-10,4.5093661548515655e-11,1.3457568196318378e-07,6.533428717637651e-10,3.666551451476242e-06,2.2849354009541075e-12,0.0,0.4634634658236131,8.900409417498328e-07,5.173713865112706e-06,8.136334050662933e-06,2.7463011227175757e-06,1.338803398682179e-08,1.6192372551277077e-08
5.98461622792461e-10,0.13078891191722306,0.46346346346346345,0.0,0.0,0.0,0.07306243647174467,0.0,6.562802138939633e-06,5.629562902180513e-10,4.725466902123109e-11,1.4080929805544918e-07,7.061154447464826e-10,3.834364058926777e-06,2.4054550800400164e-12,0.0,0.46346346605679806,9.432351742037358e-07,5.2837577344122386e-06,8.403371368805515e-06,2.7701560419179146e-06,1.3717351474880577e-08,1.678160529829525e-08
6.159917784934718e-10,0.13078899549408618,0.46346346346346345,0.0,0.0,0.0,0.073062124701942,0.0,6.8841123709371205e-06,5.978373582585936e-10,4.944435081736865e-11,1.4710165486107427e-07,7.612649011803902e-10,4.00358152567609e-06,2.5282128308284784e-12,0.0,0.4634634663050021,9.979695935417141e-07,5.391678768057248e-06,8.671022206098756e-06,2.7925639072334823e-06,1.4046521404306719e-08,1.7379569756213958e-08
6.335219341944826e-10,0.13078907972057066,0.46346346346346345,0.0,0.0,0.0,0.07306181291447862,0.0,7.210335227232454e-06,6.338234445158973e-10,5.166212235430503e-11,1.5344978978155562e-07,8.188110311689972e-10,4.174118483134914e-06,2.6531643544431393e-12,0.0,0.4634634665687092,1.0542440836456519e-06,5.497517899888706e-06,8.939242293624875e-06,2.813613029447135e-06,1.4375809680547792e-08,1.7986504789769998e-08
6.510520898954933e-10,0.13078916458098555,0.46346346346346345,0.0,0.0,0.0,0.07306150110885079,0.0,7.541353508930577e-06,6.709176311092378e-10,5.390746059320764e-11,1.5985092887527167e-07,8.787724847016823e-10,4.34589477271403e-06,2.7802669499930886e-12,0.0,0.46346346684840417,1.1120584618475082e-06,5.601315274433716e-06,9.207988398463173e-06,2.8333863375038115e-06,1.4705474136142134e-08,1.8602648953643523e-08
6.685822455965041e-10,0.13078925006037237,0.46346346346346345,0.0,0.0,0.0,0.07306118928455531,0.0,7.877055441903687e-06,7.091228451612819e-10,5.617990016578542e-11,1.6630247560103388e-07,9.411668425212084e-10,4.518835128310141e-06,2.9094794355534145e-12,0.0,0.46346346714457226,1.1714124737564027e-06,5.70311026212564e-06,9.477218302688085e-06,2.8519617067365534e-06,1.5035764780759727e-08,1.9228240486068062e-08
6.861124012975148e-10,0.1307893361444637,0.46346346346346345,0.0,0.0,0.0,0.07306087744108941,0.0,8.217334369455612e-06,7.484418626509902e-10,5.847902974089454e-11,1.7280200024143124e-07,1.0060106826621744e-09,4.692868878170094e-06,3.040762073637804e-12,0.0,0.46346346745769956,1.2323057886399561e-06,5.8029414742306795e-06,9.746890782778069e-06,2.8694122670532124e-06,1.5366924041960656e-08,1.9863517301129087e-08
7.036425569985256e-10,0.13078942281964434,0.46346346346346345,0.0,0.0,0.0,0.07306056557795086,0.0,8.562088463341877e-06,7.888773121855673e-10,6.080448861583533e-11,1.7934722996434585e-07,1.0733196429267276e-09,4.867929664941794e-06,3.1740765008934396e-12,0.0,0.4634634677882725,1.2947379953208234e-06,5.900846777486573e-06,1.0016965589427334e-05,2.8858066923163364e-06,1.5699186997091547e-08,2.0508716979879365e-08
7.211727126995364e-10,0.1307895100729141,0.46346346346346345,0.0,0.0,0.0,0.07306025369463798,0.0,8.911220452022952e-06,8.304316786929552e-10,6.315596351812715e-11,1.8593603948353489e-07,1.1431084795476888e-09,5.043955182792483e-06,3.3093856617646617e-12,0.0,0.4634634681367784,1.3587085985518353e-06,5.996863308459059e-06,1.0287403427752503e-05,2.9012094720738718e-06,1.603278159671919e-08,2.11640767603907e-08
7.387028684005471e-10,0.1307895978918536,0.46346346346346345,0.0,0.0,0.0,0.07305994179064962,0.0,9.26463736510547e-06,8.731073070362946e-10,6.553318560456011e-11,1.9256644228186739e-07,1.2153911222719884e-09,5.2208869305521665e-06,3.446653745889173e-12,0.0,0.46346346850370485,1.4242170158357742e-06,6.091027487621529e-06,1.0558165937886602e-05,2.915681166718642e-06,1.6367928879976634e-08,2.182983352685205e-08
7.562330241015579e-10,0.13078968626459161,0.46346346346346345,0.0,0.0,0.0,0.07305962986548503,0.0,9.622250292995316e-06,9.169064055517555e-10,6.793592764522737e-11,1.9923658236321031e-07,1.2901807260818522e-09,5.39866997990902e-06,3.585846129006056e-12,0.0,0.4634634688895396,1.4912625746581552e-06,6.183375033163198e-06,1.082921567595287e-05,2.9292786470830514e-06,1.6704843182176176e-08,2.250622379781607e-08
7.737631798025687e-10,0.13078977517977441,0.46346346346346345,0.0,0.0,0.0,0.07305931791864416,0.0,9.983974160844647e-06,9.61831049511088e-10,7.036400138100784e-11,2.059447265009866e-07,1.367489719758175e-09,5.57725275774175e-06,3.7269293171679625e-12,0.0,0.463463469294771,1.559844510103368e-06,6.273940974531008e-06,1.1100516095411043e-05,2.9420553194153985e-06,1.7043732335025645e-08,2.3193483713689014e-08
7.912933355035794e-10,0.13078986462653724,0.46346346346346345,0.0,0.0,0.0,0.07305900594962739,0.0,1.0349727515927278e-05,1.007883184510242e-09,7.281725504365196e-11,2.126892569532523e-07,1.4473298514788144e-09,5.756586841726177e-06,3.869870894061556e-12,0.0,0.4634634697198876,1.6299619628263064e-06,6.362759665710395e-06,1.1372031528768956e-05,2.9540613366300567e-06,1.738479785976889e-08,2.3891849023552345e-08
8.088234912045902e-10,0.13078995459447698,0.46346346346346345,0.0,0.0,0.0,0.07305869395793568,0.0,1.071943232762791e-05,1.0550646297853694e-09,7.52955710282901e-11,2.1946866461591987e-07,1.5297122316331204e-09,5.9366267684044275e-06,4.014639471251728e-12,0.0,0.4634634701653782,1.701613977353366e-06,6.449864798249959e-06,1.1643727169652316e-05,2.9653437966709393e-06,1.7728235153555516e-08,2.4601555071398615e-08
8.263536469056009e-10,0.13079004507362688,0.46346346346346345,0.0,0.0,0.0,0.07305838194307065,0.0,1.1093013799281345e-05,1.1033770814575218e-09,7.779886370883636e-11,2.2628154258751766e-07,1.6146473730227163e-09,6.117329852955523e-06,4.161204641176551e-12,0.0,0.4634634706317315,1.7747995006883884e-06,6.535289414035e-06,1.1915569055225728e-05,2.975946928775482e-06,1.8074233669329328e-08,2.5322836781857784e-08
8.438838026066117e-10,0.13079013605443265,0.46346346346346345,0.0,0.0,0.0,0.07305806990453442,0.0,1.147040019114544e-05,1.1528221157072983e-09,8.032707738738049e-11,2.3312658012053743e-07,1.7021452286078918e-09,6.298656019953949e-06,4.309536932730571e-12,0.0,0.46346347111943664,1.8495173812007552e-06,6.6190659178147455e-06,1.2187524048958173e-05,2.985912268377001e-06,1.8422977089510083e-08,2.6055928645484815e-08
8.614139583076225e-10,0.13079022752772967,0.46346346346346345,0.0,0.0,0.0,0.0730577578418298,0.0,1.1851522653835625e-05,1.2034011918807305e-09,8.288018436922672e-11,2.4000255693595715e-07,1.7922152269491353e-09,6.480567644446691e-06,4.4596077692839644e-12,0.0,0.46346347162898266,1.9257663677743214e-06,6.701226089488022e-06,1.2459559823726261e-05,2.995278821337845e-06,1.8774643493729324e-08,2.6801064703673733e-08
8.789441140086332e-10,0.13079031948472208,0.46346346346346345,0.0,0.0,0.0,0.07305744575446017,0.0,1.2236315071589184e-05,1.2551156555276185e-09,8.54581831557598e-11,2.4690833787893e-07,1.8848663054843233e-09,6.663029402719493e-06,4.611389428994163e-12,0.0,0.46346347216085837,2.003545109197234e-06,6.781801096152005e-06,1.2731644845248739e-05,3.0040832181640886e-06,1.9129405520868318e-08,2.7558478533259046e-08
8.96474269709644e-10,0.13079041191696267,0.46346346346346345,0.0,0.0,0.0,0.07305713364192964,0.0,1.2624713914765442e-05,1.3079667413735646e-09,8.806109674780527e-11,2.5384286789495693e-07,1.980106941773605e-09,6.846008132161152e-06,4.76485500727512e-12,0.0,0.463463472715553,2.0828521537739734e-06,6.860821503918672e-06,1.3003748355845772e-05,3.0123598588132245e-06,1.9487430525634242e-08,2.832840323086052e-08
9.140044254106548e-10,0.13079050481633428,0.46346346346346345,0.0,0.0,0.0,0.0730568215037429,0.0,1.3016658101024048e-05,1.3619555762269108e-09,9.068897105261332e-11,2.6080516730711494e-07,2.077945182835958e-09,7.0294726996705735e-06,4.919978381297406e-12,0.0,0.46346347329355514,2.163685949142174e-06,6.9383172895033684e-06,1.3275840358516795e-05,3.0201410486690636e-06,1.9848880729898954e-08,2.9111071397023346e-08
9.315345811116655e-10,0.1307905981750319,0.46346346346346345,0.0,0.0,0.0,0.07305650933940545,0.0,1.3412088864657797e-05,1.4170831818217738e-09,9.334187338803059e-11,2.677943273761061e-07,2.1783886726937948e-09,7.213393878085492e-06,5.076734176400153e-12,0.0,0.4634634738953534,2.2460448422779043e-06,7.014317851589938e-06,1.3547891601330707e-05,3.027457126222805e-06,2.0213913369014132e-08,2.9906715120201535e-08
9.490647368126763e-10,0.13079069198554605,0.46346346346346345,0.0,0.0,0.0,0.07305619714842337,0.0,1.3810949633588313e-05,1.4733504775983691e-09,9.601989107783277e-11,2.7480950612600316e-07,2.281444678234823e-09,7.397744230143665e-06,5.2350977343029305e-12,0.0,0.4634634745214362,2.3299270796742043e-06,7.088852021976688e-06,1.381987356212233e-05,3.034336582966147e-06,2.0582680833305693e-08,3.071556596062891e-08
9.66594892513687e-10,0.13079078624064752,0.46346346346346345,0.0,0.0,0.0,0.07305588493030363,0.0,1.4213185913562839e-05,1.5307582834217809e-09,9.872313013256892e-11,2.81849924419612e-07,2.3871201134937464e-09,7.5824979995171855e-06,5.395045083012464e-12,0.0,0.4634634751722919,2.415330807678636e-06,7.16194807650745e-06,1.409175843348927e-05,3.0408061759715415e-06,2.0955330804941078e-08,3.153785493411827e-08
9.841250482146978e-10,0.13079088093337196,0.46346346346346345,0.0,0.0,0.0,0.07305557268455388,0.0,1.4618745179118316e-05,1.589307322240346e-09,1.014517140106238e-10,2.8891486226834313e-07,2.495421562450104e-09,7.767631008488507e-06,5.556552908325335e-12,0.0,0.46346347584840814,2.5022540729765676e-06,7.2336337457918365e-06,1.4363519108083294e-05,3.046891033605704e-06,2.1332006390353642e-08,3.23738124958264e-08
9.999999999999999e-10,0.1307909760570065,0.46346346346346345,0.0,0.0,0.0,0.07305528989691494,0.0,1.4988836177828924e-05,1.6433133525557009e-09,1.0394464864368069e-10,2.953333259655813e-07,2.595768193220247e-09,7.935591913600561e-06,5.704138557347201e-12,0.0,0.4634634764828881,2.58227939547593e-06,7.297356645808417e-06,1.4609490783748923e-05,3.0520891461818154e-06,2.1676705492204256e-08,3.314282437082611e-08
1.0016552039157086e-09,0.1307909760570065,0.46346346346346345,0.0,0.0,0.0,0.07305526041068257,0.0,1.502757677090531e-05,1.6489982226847821e-09,1.0420578245453629e-10,2.960036553624055e-07,2.606355300432724e-09,7.953120561863003e-06,5.719598526833777e-12,0.0,0.46346347655027237,2.590694823207783e-06,7.303936225718803e-06,1.4635129164190565e-05,3.0526147547954086e-06,2.171284624839945e-08,3.3223668524019415e-08
1.0191853596167193e-09,0.13079107160507683,0.46346346346346345,0.0,0.0,0.0,0.073054948108199,0.0,1.5439631798989064e-05,1.7098315216091966e-09,1.0698549039792472e-10,3.031156918079936e-07,2.7199273142156995e-09,8.138945356737703e-06,5.8841598603472545e-12,0.0,0.4634634772783716,2.680650907704842e-06,7.372882187767473e-06,1.4906562851595056e-05,3.057999502238953e-06,2.209798471441395e-08,3.4087652303870094e-08
1.03671551531773e-09,0.1307911675713341,0.46346346346346345,0.0,0.0,0.0,0.07305463577661325,0.0,1.585486305176826e-05,1.7718076665750821e-09,1.0979100693866126e-10,3.102504090589571e-07,2.83614332088563e-09,8.325085397768988e-06,6.050215411647754e-12,0.0,0.46346347803319266,2.772120078342372e-06,7.440497789119135e-06,1.5177795077719784e-05,3.0630660899326426e-06,2.2487551920327746e-08,3.4965992511316284e-08
1.0717758267197516e-09,0.13079136073447836,0.46346346346346345,0.0,0.0,0.0,0.07305401102418006,0.0,1.6694673279198923e-05,1.8991898527908394e-09,1.1548020744000537e-10,3.2458586581655364e-07,3.0765289352934513e-09,8.698237314240467e-06,6.38672594980848e-12,0.0,0.4634634796249432,2.9595882042665774e-06,7.5718400257982785e-06,1.571955798343596e-05,3.0723217741750434e-06,2.3280472747752175e-08,3.676665377065222e-08
1.1033301069815708e-09,0.13079153595305174,0.46346346346346345,0.0,0.0,0.0,0.07305344864256427,0.0,1.7460922982707806e-05,2.0177451002054114e-09,1.2069070684747443e-10,3.3756061386075807e-07,3.3019708787941623e-09,9.034975651226132e-06,6.694491106951686e-12,0.0,0.46346348115377733,3.133459759161463e-06,7.685750430523938e-06,1.6206216862583416e-05,3.0797477727597983e-06,2.4010471237049773e-08,3.8438628924870754e-08
1.13488438724339e-09,0.1307917124385185,0.46346346346346345,0.0,0.0,0.0,0.07305288615907968,0.0,1.823679756810481e-05,2.1400062990018775e-09,1.259880073136495e-10,3.5060206704561485e-07,3.536057706454309e-09,9.372476267231746e-06,7.006787450339401e-12,0.0,0.4634634827767315,3.312194405560943e-06,7.795734785013681e-06,1.6691861417064426e-05,3.0864131636471592e-06,2.4756662453907585e-08,4.016064574366836e-08
1.1664386675052092e-09,0.13079189016128645,0.46346346346346345,0.0,0.0,0.0,0.07305232357090277,0.0,1.9022072159097482e-05,2.2659731381679853e-09,1.3137349275846936e-10,3.637083861117973e-07,3.778815106951168e-09,9.710660399840306e-06,7.323507844851692e-12,0.0,0.4634634844966213,3.4957756528730435e-06,7.901928305088987e-06,1.717636735652829e-05,3.092400305532947e-06,2.5519667854909347e-08,4.19340137519523e-08
1.1979929477670284e-09,0.1307920690932497,0.46346346346346345,0.0,0.0,0.0,0.07305176087522088,0.0,1.9816533842942638e-05,2.395644548880375e-09,1.3684863278783697e-10,3.768780607642895e-07,4.030267091645244e-09,1.004945782556401e-05,7.64454970548938e-12,0.0,0.4634634863162543,3.6841860836664636e-06,8.004461549412272e-06,1.76596162793738e-05,3.0977827561219354e-06,2.6300073140878613e-08,4.3760034838445383e-08
1.2295472280288477e-09,0.1307922492078693,0.46346346346346345,0.0,0.0,0.0,0.07305119806923234,0.0,2.06199806540155e-05,2.5290187426961656e-09,1.4241497153839856e-10,3.901098760400344e-07,4.290436197688047e-09,1.038880594507434e-05,7.969814708618221e-12,0.0,0.4634634882384295,3.87740738127452e-06,8.103460580004101e-06,1.8141495453539596e-05,3.1026262165577805e-06,2.7098429974522182e-08,4.5640002979120924e-08
1.2611015082906669e-09,0.13079243047989456,0.46346346346346345,0.0,0.0,0.0,0.07305063515014731,0.0,2.1432220659574482e-05,2.6660932481463644e-09,1.480741177127767e-10,4.0340288219644796e-07,4.559343669025392e-09,1.0728648967258412e-05,8.299208528210924e-12,0.0,0.4634634902659365,4.0754203585832876e-06,8.19904711715468e-06,1.862189760511617e-05,3.106989373710026e-06,2.7915257606253874e-08,4.757520396905035e-08
1.292655788552486e-09,0.13079261288534105,0.46346346346346345,0.0,0.0,0.0,0.07305007211518799,0.0,2.2253071135644418e-05,2.8068649458245853e-09,1.5382773565724126e-10,4.167563677015151e-07,4.837009617957319e-09,1.1068937180207814e-05,8.632640594264332e-12,0.0,0.46346349240155443,4.278204987716869e-06,8.291338689039898e-06,1.9100720714345076e-05,3.110924652615481e-06,2.8751044415640197e-08,4.956691516293344e-08
1.3242100688143053e-09,0.1307927964013476,0.46346346346346345,0.0,0.0,0.0,0.07304950896158902,0.0,2.3082357826879923e-05,2.9513301019862348e-09,1.596775374124398e-10,4.30169835111296e-07,5.12345316861644e-09,1.1409626303024957e-05,8.9700238719984e-12,0.0,0.46346349464805253,4.485740430426138e-06,8.380448776085257e-06,1.9577867818943323e-05,3.1144788853979314e-06,2.9606249371160835e-08,5.161640522485446e-08
1.3557643490761245e-09,0.13079298100610307,0.46346346346346345,0.0,0.0,0.0,0.07304894568659788,0.0,2.3919914279030396e-05,3.0994844007416624e-09,1.6562527560098491e-10,4.43642979439646e-07,5.418692584871752e-09,1.1750676907231247e-05,9.31127465918391e-12,0.0,0.4634634970081881,4.6980050689036765e-06,8.466486950353207e-06,2.0053246824366856e-05,3.1176939082627167e-06,3.048130341514882e-08,5.3724933887574156e-08
1.3873186293379437e-09,0.13079316667875773,0.46346346346346345,0.0,0.0,0.0,0.07304838228747547,0.0,2.476558123568469e-05,3.251322974899189e-09,1.716727370555247e-10,4.571756687308758e-07,5.7227453844910675e-09,1.2092053899562138e-05,9.656312399664542e-12,0.0,0.4634634994847075,4.914976536814407e-06,8.549559010136936e-06,2.052677032075628e-05,3.1206070950600693e-06,3.1376610778801993e-08,5.589375172163986e-08
1.4188729095997629e-09,0.13079335339935336,0.46346346346346345,0.0,0.0,0.0,0.07304781876149634,0.0,2.561920609232944e-05,3.4068404355140532e-09,1.7782173710489984e-10,4.707679265933979e-07,6.03562844109504e-09,1.243372605928994e-05,1.0005059511444072e-11,0.0,0.46346350208034426,5.136631750377765e-06,8.629767109941624e-06,2.099835540631077e-05,3.1232518345091335e-06,3.229255023168972e-08,5.8124099914437725e-08
1.450427189861582e-09,0.13079354114875524,0.46346346346346345,0.0,0.0,0.0,0.07304725510594903,0.0,2.6480642402536738e-05,3.566030900186105e-09,1.8407411445844394e-10,4.844199165142479e-07,6.357358075042414e-09,1.2775665624970132e-05,1.0357441228125504e-11,0.0,0.46346350479781945,5.362946939380129e-06,8.707209885989692e-06,2.1467923516898432e-05,3.1256579563598195e-06,3.3229476269114066e-08,6.041721005926148e-08
1.4819814701234013e-09,0.13079372990859223,0.46346346346346345,0.0,0.0,0.0,0.0730466913181365,0.0,2.7349749431233626e-05,3.728888020152052e-09,1.9043172662948875e-10,4.981319277792238e-07,6.687950134355387e-09,1.311784792564963e-05,1.0713385452516311e-11,0.0,0.46346350763984084,5.593897678004936e-06,8.781982577395911e-06,2.1935400261698358e-05,3.1278521116221306e-06,3.418772024073136e-08,6.277430395442083e-08
1.5135357503852205e-09,0.13079391966120177,0.46346346346346345,0.0,0.0,0.0,0.07304612739537648,0.0,2.822639175012935e-05,3.895405006218922e-09,1.9689644584106003e-10,5.11904362827735e-07,7.0274200667654535e-09,1.3460251051701148e-05,1.107282262124037e-11,0.0,0.4634635106091027,5.829458915373747e-06,8.85417714316195e-06,2.2400715264664553e-05,3.129858111862529e-06,3.516759142382858e-08,6.519659341238392e-08
1.5450900306470397e-09,0.13079411038958066,0.46346346346346345,0.0,0.0,0.0,0.07304556333500178,0.0,2.9110438870696265e-05,4.065574653586077e-09,2.0347015536020184e-10,5.257377258826519e-07,7.3757829838889135e-09,1.380285556076914e-05,1.1435685579268268e-11,0.0,0.46346351370828504,6.069605005703476e-06,8.923882375142007e-06,2.2863802011598813e-05,3.131697232234377e-06,3.616937804455826e-08,6.768528007890206e-08
1.576644310908859e-09,0.13079430207734016,0.46346346346346345,0.0,0.0,0.0,0.07304499913436056,0.0,3.0001764910763885e-05,4.239389365600073e-09,2.1015474621526624e-10,5.396326127185285e-07,7.733053718394308e-09,1.4145644214970629e-05,1.1801909463430096e-11,0.0,0.46346351694005383,6.314309738003788e-06,8.991184007121249e-06,2.332459770263385e-05,3.1333884822295115e-06,3.7193348250103596e-08,7.024155526202197e-08
1.6081985911706781e-09,0.13079449470866486,0.46346346346346345,0.0,0.0,0.0,0.07304443479081667,0.0,3.0900248291374906e-05,4.4168411764839126e-09,2.169521142573926e-10,5.535897014520905e-07,8.099246874893751e-09,1.448860174607809e-05,1.2171431594110372e-11,0.0,0.4634635203070598,6.563546365255274e-06,9.056164820139678e-06,2.3783043109940543e-05,3.134948847533959e-06,3.8239751034442954e-08,7.286659977085505e-08
1.6397528714324973e-09,0.13079468826827587,0.46346346346346345,0.0,0.0,0.0,0.07304387030174996,0.0,3.180577146093474e-05,4.597921773080382e-09,2.2386415753199744e-10,5.676097442522016e-07,8.474376875205416e-09,1.4831714645791196e-05,1.2544191374412887e-11,0.0,0.4634635238119385,6.817287633019605e-06,9.118904744187965e-06,2.4239082440481785e-05,3.1363935059785304e-06,3.930881712018237e-08,7.556158376394895e-08
1.6713071516943165e-09,0.13079488274139706,0.46346346346346345,0.0,0.0,0.0,0.07304330566455638,0.0,3.271822064391809e-05,4.782622515648289e-09,2.3089277392878787e-10,5.816935598746033e-07,8.85845799858302e-09,1.517497097843411e-05,1.2920130196136084e-11,0.0,0.46346352745731045,7.075505807440052e-06,9.17948095639939e-06,2.4692663203638783e-05,3.137736020337009e-06,4.04007597988112e-08,7.832766660709006e-08
1.7028614319561357e-09,0.13079507811372362,0.46346346346346345,0.0,0.0,0.0,0.07304274087664857,0.0,3.363748561162306e-05,4.97093445774951e-09,2.3803985908142155e-10,5.958420269346523e-07,9.251504417457885e-09,1.5518360213641317e-05,1.3299191351951578e-11,0.0,0.4634635312457799,7.3381727025972715e-06,9.237967975859488e-06,2.5143736083539258e-05,3.1389885104908988e-06,4.1515775731620814e-08,8.1165996740349e-08
1.734415712217955e-09,0.13079527437139432,0.46346346346346345,0.0,0.0,0.0,0.07304217593545574,0.0,3.456345947273158e-05,5.162848365263491e-09,2.4530730449099626e-10,6.100560778406063e-07,9.653530229179836e-09,1.586187307686021e-05,1.3681319953240088e-11,0.0,0.46346353517993505,7.605259707193006e-06,9.29443775515071e-06,2.559225481592301e-05,3.140161807205284e-06,4.2654045713384466e-08,8.407771155416404e-08
1.7659699924797742e-09,0.13079547150096574,0.46346346346346345,0.0,0.0,0.0,0.07304161083842405,0.0,3.549603848170405e-05,5.358354734564181e-09,2.5269699585067866e-10,6.243366933193931e-07,1.006454948418382e-08,1.6205501415765436e-05,1.4066462853101168e-11,0.0,0.4634635392623479,7.876737810541458e-06,9.348959768744783e-06,2.603817606938687e-05,3.1412655894845256e-06,4.381573540074464e-08,8.706393727424612e-08
1.7975242727415934e-09,0.13079566948938848,0.46346346346346345,0.0,0.0,0.0,0.07304104558301688,0.0,3.643512186326085e-05,5.557443809892997e-09,2.602108115514005e-10,6.386848974746039e-07,1.0484576210959415e-08,1.6549238080901694e-05,1.4454568574105187e-11,0.0,0.46346354349557367,8.152577627854108e-06,9.40160109835087e-06,2.648145933085738e-05,3.1423085072472646e-06,4.50009960071224e-08,9.012578885507769e-08
1.8290785530034126e-09,0.13079586832398568,0.46346346346346345,0.0,0.0,0.0,0.073040480166715,0.0,3.738061165137818e-05,5.7601055999601734e-09,2.678506213505918e-10,6.531017533225515e-07,1.0913624438161935e-08,1.6893076819045068e-05,1.484558724039645e-11,0.0,0.4634635478821508,8.43274942480815e-06,9.452426515324107e-06,2.692206679514459e-05,3.1432982908811175e-06,4.620996496585617e-08,9.326436988177305e-08
1.8606328332652318e-09,0.13079606799243307,0.46346346346346345,0.0,0.0,0.0,0.0730399145870166,0.0,3.833241254137625e-05,5.966329893805747e-09,2.7561828518763024e-10,6.675883587574586e-07,1.1351708214170609e-08,1.7237012177920626e-05,1.5239470513791442e-11,0.0,0.46346355242460047,8.717223141392658e-06,9.501498560235762e-06,2.7359963258435117e-05,3.1442418490843856e-06,4.74427665631821e-08,9.648077248006267e-08
1.892187113527051e-09,0.1307962684827406,0.46346346346346345,0.0,0.0,0.0,0.07303934884143766,0.0,3.929043175382053e-05,6.176106275950272e-09,2.835156521313201e-10,6.821458429018241e-07,1.1798841624367827e-08,1.7581039421055894e-05,1.5636171533549348e-11,0.0,0.4634635571254266,9.00596841502996e-06,9.54887761970294e-06,2.779511601558707e-05,3.1451453562559386e-06,4.8699512542575904e-08,9.977607723416052e-08
1.92374139378887e-09,0.13079646978323584,0.46346346346346345,0.0,0.0,0.0,0.07303878292751206,0.0,4.025457890909426e-05,6.38942414086423e-09,2.915445594462699e-10,6.967753628027855e-07,1.2255038806383333e-08,1.792515445168436e-05,1.603564485952408e-11,0.0,0.4634635619871156,9.298954602973071e-06,9.594622000572264e-06,2.8227494761094516e-05,3.146014330554801e-06,4.998030268188425e-08,1.0315135311227122e-07
1.9552956740506894e-09,0.13079667188254832,0.46346346346346345,0.0,0.0,0.0,0.07303821684279173,0.0,4.122476591162344e-05,6.6062727067839595e-09,2.9970683176646093e-10,7.114781004395763e-07,1.2720313963520061e-08,1.8269353744734728e-05,1.6437846418435834e-11,0.0,0.4634635670121361,9.596150803982885e-06,9.638788001548756e-06,2.865707149359375e-05,3.1468537036257763e-06,5.128522534458818e-08,1.0660765739949311e-07
1.9868499543125086e-09,0.13079687476959506,0.46346346346346345,0.0,0.0,0.0,0.07303765058484663,0.0,4.220090684284124e-05,6.8266410289008405e-09,3.080042803655112e-10,7.262552600108499e-07,1.319468137655523e-08,1.8613634286045124e-05,1.684273345302525e-11,0.0,0.4634635722029391,9.897525879290989e-06,9.68142998235769e-06,2.9083820423788153e-05,3.147667882879999e-06,5.2614358006463416e-08,1.101460356378733e-07
2.018404234574328e-09,0.13079707843356753,0.46346346346346345,0.0,0.0,0.0,0.07303708415126514,0.0,4.318291786207022e-05,7.050518011949441e-09,3.164387025141898e-10,7.411080654738307e-07,1.3678155414090047e-08,1.8957993518031715e-05,1.7250264473874518e-11,0.0,0.4634635775619574,1.0203048472856045e-05,9.722600430524471e-06,2.9507717885672654e-05,3.148460807126433e-06,5.396776775883204e-08,1.1376752157337333e-07
2.049958514836147e-09,0.13079728286391892,0.46346346346346345,0.0,0.0,0.0,0.073036517539654,0.0,4.417071711458362e-05,7.2778924222194e-09,3.2501188091667194e-10,7.560377583101136e-07,1.4170750541603466e-08,1.930242929112172e-05,1.7660399213699796e-11,0.0,0.4634635830916056,1.0512687030923074e-05,9.762350025854545e-06,2.9928742250942823e-05,3.1492359962667633e-06,5.534551178953414e-08,1.1747313710950452e-07
2.1130670753597854e-09,0.1307976939828178,0.46346346346346345,0.0,0.0,0.0,0.07303538377286221,0.0,4.6163362338384975e-05,7.743087964261647e-09,3.425815617291625e-10,7.861328481099427e-07,1.518336245666334e-08,1.9991523657847508e-05,1.848832463876823e-11,0.0,0.463463594672359,1.114418494784868e-05,9.83778070467023e-06,3.076209488221301e-05,3.1507454042167444e-06,5.817418460775987e-08,1.2514078516757087e-07
2.1698647798310603e-09,0.13079806651001608,0.46346346346346345,0.0,0.0,0.0,0.07303436275025915,0.0,4.797575539843199e-05,8.17361001557047e-09,3.5888639063325617e-10,8.134941292270523e-07,1.6126054666465027e-08,2.0611955710014254e-05,1.9241981812412885e-11,0.0,0.4634636057024393,1.172628972864427e-05,9.901282560752952e-06,3.1502108153315945e-05,3.1520714214901566e-06,6.08036001297228e-08,1.3233939964796284e-07
2.2266624843023352e-09,0.13079844136707997,0.46346346346346345,0.0,0.0,0.0,0.07303334111447084,0.0,4.980571166304983e-05,8.615283852973266e-09,3.756678029783234e-10,8.411244376797074e-07,1.7098529334998584e-08,2.1232616840230207e-05,2.0003500285072224e-11,0.0,0.4634636173220712,1.232123239767186e-05,9.960892760543836e-06,3.22325609492111e-05,3.1533797954199075e-06,6.351234196240316e-08,1.398259418398419e-07
2.28346018877361e-09,0.13079881850071018,0.46346346346346345,0.0,0.0,0.0,0.07303231885221652,0.0,5.165281555801887e-05,9.06804034772148e-09,3.929356173504115e-10,8.690314184271723e-07,1.8100875154249455e-08,2.1853504497668764e-05,2.0772684148139306e-11,0.0,0.46346362954466636,1.2928824117912642e-05,1.001684922802199e-05,3.2953390604557184e-05,3.1546807756880985e-06,6.630044164680071e-08,1.4760593940660027e-07
2.340257893244885e-09,0.1307991978594823,0.46346346346346345,0.0,0.0,0.0,0.07303129595041417,0.0,5.3516666889016903e-05,9.531809700557857e-09,4.106994745633796e-10,8.97222779642468e-07,1.913318223557068e-08,2.2474617965113063e-05,2.1549347363355214e-11,0.0,0.4634636423834386,1.3548875308783684e-05,1.006937533847176e-05,3.3664550006852645e-05,3.155982712859132e-06,6.916785847574027e-08,1.556847940569164e-07
2.39705559771616e-09,0.13079957939397743,0.46346346346346345,0.0,0.0,0.0,0.07303027239618136,0.0,5.539687988212358e-05,1.0006521589461631e-08,4.2896883526121454e-10,9.257062740752224e-07,2.019554215184754e-08,2.309595801648549e-05,2.2333313196618474e-11,0.0,0.46346365585140276,1.4181195908937664e-05,1.0118680809289398e-05,3.4366006431746265e-05,3.1572924059428516e-06,7.21144856016085e-08,1.6406778160438592e-07
2.453853302187435e-09,0.13079996305648603,0.46346346346346345,0.0,0.0,0.0,0.07302924817683523,0.0,5.7293082320860816e-05,1.049210530460498e-08,4.477529785049833e-10,9.544896831524035e-07,2.1288047965842775e-08,2.371752663659468e-05,2.3124413694241232e-11,0.0,0.46346366996137467,1.4825595620096626e-05,1.0164962535625763e-05,3.505774045435602e-05,3.158615386173133e-06,7.514015567426385e-08,1.7276005217953999e-07
2.5106510066587098e-09,0.13080034880100697,0.46346346346346345,0.0,0.0,0.0,0.07302822327989288,0.0,5.920491476612527e-05,1.0988489871720724e-08,4.670610011582004e-10,9.835808033826263e-07,2.2410794247244734e-08,2.4339326792137742e-05,2.392248919695863e-11,0.0,0.4634636847259705,1.548188413330084e-05,1.0208405375283625e-05,3.573974493044247e-05,3.1599561482884096e-06,7.824464605407785e-08,1.8176663057982362e-07
2.5674487111299847e-09,0.1308007365831043,0.46346346346346345,0.0,0.0,0.0,0.07302719769307103,0.0,6.113202985125674e-05,1.1495604164375035e-08,4.869018179920919e-10,1.0129874348042415e-06,2.3563877079972168e-08,2.496136224713321e-05,2.472738788936759e-11,0.0,0.46346370015760663,1.6149871338005425e-05,1.0249182884460972e-05,3.641202404518681e-05,3.1613183363508065e-06,8.142768361973528e-08,1.9109241675120965e-07
2.6242464156012596e-09,0.13080112635984073,0.46346346346346345,0.0,0.0,0.0,0.07302617140428579,0.0,6.30740916388876e-05,1.2013377006255637e-08,5.072841623447788e-10,1.0427173710492541e-06,2.474739406222327e-08,2.5583637411903626e-05,2.553896538028741e-11,0.0,0.4634637162685003,1.6829367515282673e-05,1.0287458008426215e-05,3.707459242387606e-05,3.1627048953099657e-06,8.468894921288353e-08,2.0074218638792936e-07
2.6810441200725345e-09,0.13080151808969154,0.46346346346346345,0.0,0.0,0.0,0.07302514440165199,0.0,6.503077503051168e-05,1.2541737264287618e-08,5.282165872353374e-10,1.0727783907336403e-06,2.5961444300929974e-08,2.6206157218328955e-05,2.6357084310910768e-11,0.0,0.4634637330706693,1.7520183516073057e-05,1.0323383730086797e-05,3.7727474300357005e-05,3.164118195804416e-06,8.802808175022939e-08,2.1072059164003117e-07
2.7378418245438094e-09,0.13080191173247688,0.46346346346346345,0.0,0.0,0.0,0.07302411667348264,0.0,6.70017652222818e-05,1.3080613933316404e-08,5.497074668524884e-10,1.1031782499733885e-06,2.7206128401736606e-08,2.682892701653448e-05,2.7181613988273908e-11,0.0,0.4634637505759332,1.822213092541845e-05,1.0357103679190315e-05,3.837070273943483e-05,3.1655601371708118e-06,9.144468202993804e-08,2.2103216191922363e-07
2.7946395290150843e-09,0.13080230724929362,0.46346346346346345,0.0,0.0,0.0,0.07302308820828789,0.0,6.898675720278727e-05,1.3629936212931296e-08,5.717649983696968e-10,1.133924675898063e-06,2.848154845519279e-08,2.745195249004793e-05,2.8012430042301554e-11,0.0,0.46346376879591344,1.8935022213435993e-05,1.0388752704290033e-05,3.900431891023641e-05,3.1670322317031373e-06,9.493831625279101e-08,2.3168130479531932e-07
2.851437233486359e-09,0.13080270460245413,0.46346346346346345,0.0,0.0,0.0,0.07302205899477407,0.0,7.098545528855321e-05,1.4189633577003528e-08,5.943972040358074e-10,1.1650253610341361e-06,2.9787808019847696e-08,2.807523958647387e-05,2.8849414104668084e-11,0.0,0.4634637877420351,1.9658670873801218e-05,1.0418457409638572e-05,3.962837140751699e-05,3.168535673190453e-06,9.850851927851943e-08,2.426723069756191e-07
2.908234937957634e-09,0.13080310375542886,0.46346346346346345,0.0,0.0,0.0,0.07302102902184253,0.0,7.299757269295559e-05,1.4759635836504557e-08,6.176119334922064e-10,1.1964879584288823e-06,3.1125012102940205e-08,2.869879446068319e-05,2.9692453507706914e-11,0.0,0.463463807425527,2.0392891550502787e-05,1.0446336659167437e-05,4.024291561789901e-05,3.1700713928137004e-06,1.0215479763751206e-07,2.540093353596795e-07
2.965032642428909e-09,0.13080350467279334,0.46346346346346345,0.0,0.0,0.0,0.07301999827858834,0.0,7.502283112465796e-05,1.5339873196151188e-08,6.414168662709636e-10,1.2283200773998864e-06,3.2493267139292266e-08,2.9322623427900695e-05,3.054144100170966e-11,0.0,0.46346382785742346,2.1137500153623766e-05,1.0472502049662423e-05,4.084801312810013e-05,3.1716401050847e-06,1.0587663231726465e-07,2.6569643816212523e-07
3.021830346900184e-09,0.130803907320179,0.46346346346346345,0.0,0.0,0.0,0.07301896675429888,0.0,7.706096041253383e-05,1.5930276305369085e-08,6.658195144388449e-10,1.2605292798236606e-06,3.389268096884283e-08,2.9946732924819317e-05,3.139627448921848e-11,0.0,0.4634638490485655,2.1892313964853776e-05,1.0497058355056579e-05,4.1443731172471076e-05,3.1732423457418553e-06,1.0967348134074411e-07,2.77737546096806e-07
3.0786280513714588e-09,0.1308043116642266,0.46346346346346345,0.0,0.0,0.0,0.07301793443845231,0.0,7.911169815471028e-05,1.653077630401486e-08,6.9082722536015e-10,1.293123076898791e-06,3.532336281313068e-08,3.057112947743436e-05,3.225685677512997e-11,0.0,0.46346387100960257,2.2657151733384632e-05,1.0520103943586522e-05,4.203014211741033e-05,3.1748785029348898e-06,1.1354478215185463e-07,2.901364736162036e-07
3.1354257558427337e-09,0.1308047176725431,0.46346346346346345,0.0,0.0,0.0,0.07301690132071606,0.0,8.117478938967673e-05,1.7141304863260913e-08,7.164471845558878e-10,1.326108926328833e-06,3.67854232509783e-08,3.119581967452756e-05,3.312309533154373e-11,0.0,0.46346389375099306,2.343183376280076e-05,1.0541731169436018e-05,4.2607322980392784e-05,3.1765488427881145e-06,1.174899538218823e-07,3.0289692020045065e-07
3.1922234603140086e-09,0.13080512531366062,0.46346346346346345,0.0,0.0,0.0,0.07301586739094507,0.0,8.324998628751725e-05,1.776179422202436e-08,7.426864186384437e-10,1.3594942298735743e-06,3.8278974193611337e-08,3.1820810145801346e-05,3.399490207634036e-11,0.0,0.46346391728300734,2.4216181989547574e-05,1.0562026740417138e-05,4.3175354981453655e-05,3.1782535303596484e-06,1.2150839909000818e-07,3.1602247169062367e-07
3.2490211647852835e-09,0.13080553455699825,0.46346346346346345,0.0,0.0,0.0,0.07301483263917995,0.0,8.533704785948067e-05,1.8392177219298918e-08,7.695517983026535e-10,1.3932863312221538e-06,3.980412885942185e-08,3.244610754377549e-05,3.487219316453668e-11,0.0,0.46346394161572846,2.5010020053534225e-05,1.0581072063165745e-05,4.373432312507245e-05,3.1799926468991562e-06,1.255995062501891e-07,3.2951660166127365e-07
3.3058188692565584e-09,0.13080594537282653,0.46346346346346345,0.0,0.0,0.0,0.07301379705564535,0.0,8.74357396843415e-05,1.9032387322722427e-08,7.970500413568631e-10,1.427492514149098e-06,4.136100174853997e-08,3.307171852874405e-05,3.575488879155204e-11,0.0,0.46346396675905405,2.5813173361397244e-05,1.0598943567238131e-05,4.4284315810527535e-05,3.1817662041161227e-06,1.2976265089575486e-07,3.433826728274938e-07
3.3626165737278333e-09,0.13080635773223262,0.46346346346346345,0.0,0.0,0.0,0.07301276063074785,0.0,8.954583365024004e-05,1.9682358653685417e-08,8.251877157805501e-10,1.4621200009217466e-06,4.294970861733725e-08,3.3697649756268794e-05,3.664291300760781e-11,0.0,0.46346399272269884,2.6625469142917992e-05,1.0615713009400134e-05,4.482542446892609e-05,3.183574155986977e-06,1.3399719753208048e-07,3.576239384821797e-07
3.419414278199108e-09,0.13080677160708898,0.46346346346346345,0.0,0.0,0.0,0.07301172335507415,0.0,9.166710771085418e-05,2.034202600926136e-08,8.539712427973737e-10,1.4971759509324613e-06,4.457036645295838e-08,3.432390786679685e-05,3.7536193542550704e-11,0.0,0.46346401951619554,2.7446736501056744e-05,1.0631447759314019e-05,4.5357743225234835e-05,3.185416408515177e-06,1.3830250106684269e-07,3.7224354395946364e-07
3.476211982670383e-09,0.1308071869700227,0.46346346346346345,0.0,0.0,0.0,0.07301068521938907,0.0,9.379934565485373e-05,2.101132488121924e-08,8.834068999539797e-10,1.5326674595318308e-06,4.622309344796344e-08,3.4950499477047154e-05,3.843466164043917e-11,0.0,0.4634640471488978,2.8276806456037656e-05,1.0646211067756637e-05,4.5881368583737265e-05,3.1872928278006993e-06,1.426779081866781e-07,3.8724452812058163e-07
3.5898073916129325e-09,0.13080802205423928,0.46346346346346345,0.0,0.0,0.0,0.0730086063319218,0.0,9.809587625323699e-05,2.2378562704499392e-08,9.442590149186357e-10,1.6049852083260416e-06,4.962523356322947e-08,3.620470950618442e-05,4.024690216466315e-11,0.0,0.4634641049684468,2.9962688037046098e-05,1.0673057226059411e-05,4.690293533717802e-05,3.1911474677648684e-06,1.516363861095057e-07,4.184022646575746e-07
3.692043259661227e-09,0.1308087784591244,0.46346346346346345,0.0,0.0,0.0,0.07300673230288779,0.0,0.00010199819324064496,2.3641384133891087e-08,1.0013163465954066e-09,1.6716306304651436e-06,5.279804569572262e-08,3.733470476606927e-05,4.189503695452724e-11,0.0,0.46346415996635343,3.150843164218976e-05,1.0694455207645207e-05,4.779362094161895e-05,3.1947315474866084e-06,1.599320909756694e-07,4.477769020525109e-07
3.794279127709521e-09,0.13080953929124237,0.46346346346346345,0.0,0.0,0.0,0.07300485535171065,0.0,0.00010593291548207267,2.493444167627011e-08,1.060577965143189e-09,1.7397945939345543e-06,5.607665249690524e-08,3.8465881741190856e-05,4.355905513458025e-11,0.0,0.4634642178207614,3.308015886601259e-05,1.0713526179102707e-05,4.865772069457803e-05,3.1984230226964453e-06,1.6844451980972144e-07,4.784297609084374e-07
3.896514995757815e-09,0.13081030441493435,0.46346346346346345,0.0,0.0,0.0,0.07300297543069356,0.0,0.000109898966736082,2.6257385871231446e-08,1.1220756874867231e-09,1.8095160666847821e-06,5.9461783599790773e-08,3.9598277453196204e-05,4.5238664062354104e-11,0.0,0.4634642785800019,3.4676957511206545e-05,1.0730519916526146e-05,4.949584934928998e-05,3.202220334640229e-06,1.7716971169278708e-07,5.103749152245753e-07
3.998750863806109e-09,0.13081107370026215,0.46346346346346345,0.0,0.0,0.0,0.07300109249383865,0.0,0.00011389531731719965,2.7609875293075445e-08,1.1858400620917129e-09,1.880833301563735e-06,6.295417936498084e-08,4.07319283429837e-05,4.693359757026275e-11,0.0,0.4634643422906896,3.629793737090306e-05,1.0745659363340653e-05,5.030862818818476e-05,3.206121819418532e-06,1.8610369787254023e-07,5.436254441625179e-07
4.100986731854403e-09,0.13081184702314014,0.46346346346346345,0.0,0.0,0.0,0.07299920649680561,0.0,0.00011792098134082012,2.899157658686068e-08,1.2519004228887004e-09,1.9537838348715794e-06,6.655459045725076e-08,4.186687023874637e-05,4.864361405415056e-11,0.0,0.46346440899776564,3.794223035357459e-05,1.0759143520244478e-05,5.109668196578552e-05,3.210125741129713e-06,1.952425143406131e-07,5.781934614505403e-07
4.203222599902697e-09,0.13081262426465648,0.46346346346346345,0.0,0.0,0.0,0.07299731739686974,0.0,0.00012197501419704473,3.04021644654336e-08,1.3202849417359893e-09,2.028404487325893e-06,7.026377743655144e-08,4.300313833409399e-05,5.036849473806359e-11,0.0,0.46346447874453844,3.960899051352135e-05,1.077115002178855e-05,5.1860636259526424e-05,3.2142303166307384e-06,2.0458221259429197e-07,6.140901446692243e-07
4.3054584679509915e-09,0.13081340531096933,0.46346346346346345,0.0,0.0,0.0,0.07299542515288009,0.0,0.0001260565102273748,3.1841321673950374e-08,1.391020679356161e-09,2.104731367055865e-06,7.408251036304675e-08,4.4140767174340217e-05,5.2108042094871046e-11,0.0,0.4634645515727256,4.129739400066632e-05,1.0781837437384092e-05,5.260111517706921e-05,3.2184337335816633e-06,2.1411886882654445e-07,6.513257643387304e-07
4.4076943359992856e-09,0.13081419005293202,0.46346346346346345,0.0,0.0,0.0,0.07299352972521791,0.0,0.00013016460059089624,3.330873892590806e-08,1.4641336346720768e-09,2.1827998743854515e-06,7.801156841658322e-08,4.52797906493184e-05,5.386207841244629e-11,0.0,0.4634646275224957,4.300663893745321e-05,1.0791347316188857e-05,5.331873939294093e-05,3.2227341632829463e-06,2.2384859167810033e-07,6.899097127367724e-07
4.50993020404758e-09,0.13081497838587425,0.46346346346346345,0.0,0.0,0.0,0.07299163107575526,0.0,0.00013429845129476562,3.480411481710954e-08,1.5396487924983139e-09,2.2626447080174117e-06,8.205173953045968e-08,4.6420241990220816e-05,5.563044448608883e-11,0.0,0.4634647066325104,4.473594523587632e-05,1.0799806011509105e-05,5.4014124465895965e-05,3.227129770597347e-06,2.337675287840948e-07,7.298505323677749e-07
4.612166072095874e-09,0.1308157702093484,0.46346346346346345,0.0,0.0,0.0,0.0729897291678141,0.0,0.00013845726137121035,3.632715572217189e-08,1.6175901695587384e-09,2.3442998723522434e-06,8.620382003935926e-08,4.756215376916383e-05,5.741299842321727e-11,0.0,0.4634647889399644,4.648455436433259e-05,1.0807326310815986e-05,5.468787940129036e-05,3.2316187220776658e-06,2.4387187228346576e-07,7.711559440199071e-07
4.714401940144168e-09,0.13081656542691836,0.46346346346346345,0.0,0.0,0.0,0.07298782396612562,0.0,0.00014264026118667995,3.7877575677120544e-08,1.6979808588313576e-09,2.4277986857510138e-06,9.046861434103348e-08,4.870555790104456e-05,5.920961454872968e-11,0.0,0.4634648744806271,4.825172907222875e-05,1.0814008893156783e-05,5.534060542883238e-05,3.2361991925745586e-06,2.541578634257784e-07,8.138328743643248e-07
4.816637808192462e-09,0.1308173639459522,0.46346346346346345,0.0,0.0,0.0,0.07298591543679069,0.0,0.00014684671087265136,3.9455096250536546e-08,1.7808430722314953e-09,2.513173789609098e-06,9.484693457136879e-08,4.985048564755628e-05,6.102018240243595e-11,0.0,0.46346496328888215,5.003675307824856e-05,1.0819943630162803e-05,5.597289497366671e-05,3.240869370333746e-06,2.646217963730678e-07,8.578874830628972e-07
4.918873676240756e-09,0.13081816567743368,0.46346346346346345,0.0,0.0,0.0,0.07298400354724041,0.0,0.0001510758988675576,4.105944640562235e-08,1.8661981816535706e-09,2.600457158104693e-06,9.933960029247139e-08,5.099696762298492e-05,6.284460582011102e-11,0.0,0.46346505539776706,5.183893072792558e-05,1.0825210746400991e-05,5.6585330799448693e-05,3.2456274608507675e-06,2.752600212912958e-07,9.03325189355036e-07
